"C","Dispatch Fuel Mix Report"
"C","Filename: genfuelmix_20220529.csv"
"C","Report for 05/29/2022"
"C","Report generated 08/12/2024 16:43:41 EDT"
"H","Date","Time","Fuel Category","Fuel Category Rollup","Gen Mw","Marginal Flag"
"H","Local Date","Local Time","String","String","MWh","String"
"D","05/29/2022","00:18:35","Hydro","Hydro",600,"No"
"D","05/29/2022","00:18:35","Natural Gas","Natural Gas",4374,"Yes"
"D","05/29/2022","00:18:35","Nuclear","Nuclear",2119,"No"
"D","05/29/2022","00:18:35","Other","Other",16,"No"
"D","05/29/2022","00:18:35","Landfill Gas","Renewables",35,"No"
"D","05/29/2022","00:18:35","Refuse","Renewables",358,"No"
"D","05/29/2022","00:18:35","Wind","Renewables",456,"No"
"D","05/29/2022","00:18:35","Wood","Renewables",161,"No"
"D","05/29/2022","00:28:45","Hydro","Hydro",656,"No"
"D","05/29/2022","00:28:45","Natural Gas","Natural Gas",4415,"Yes"
"D","05/29/2022","00:28:45","Nuclear","Nuclear",2118,"No"
"D","05/29/2022","00:28:45","Other","Other",4,"No"
"D","05/29/2022","00:28:45","Landfill Gas","Renewables",35,"No"
"D","05/29/2022","00:28:45","Refuse","Renewables",353,"No"
"D","05/29/2022","00:28:45","Wind","Renewables",454,"No"
"D","05/29/2022","00:28:45","Wood","Renewables",163,"No"
"D","05/29/2022","00:33:26","Hydro","Hydro",656,"No"
"D","05/29/2022","00:33:26","Natural Gas","Natural Gas",4116,"Yes"
"D","05/29/2022","00:33:26","Nuclear","Nuclear",2119,"No"
"D","05/29/2022","00:33:26","Other","Other",26,"No"
"D","05/29/2022","00:33:26","Landfill Gas","Renewables",35,"No"
"D","05/29/2022","00:33:26","Refuse","Renewables",354,"No"
"D","05/29/2022","00:33:26","Wind","Renewables",455,"No"
"D","05/29/2022","00:33:26","Wood","Renewables",161,"No"
"D","05/29/2022","00:40:27","Hydro","Hydro",658,"No"
"D","05/29/2022","00:40:27","Natural Gas","Natural Gas",4051,"Yes"
"D","05/29/2022","00:40:27","Nuclear","Nuclear",2119,"No"
"D","05/29/2022","00:40:27","Other","Other",18,"No"
"D","05/29/2022","00:40:27","Landfill Gas","Renewables",35,"No"
"D","05/29/2022","00:40:27","Refuse","Renewables",356,"No"
"D","05/29/2022","00:40:27","Wind","Renewables",434,"No"
"D","05/29/2022","00:40:27","Wood","Renewables",162,"No"
"D","05/29/2022","00:44:15","Hydro","Hydro",658,"No"
"D","05/29/2022","00:44:15","Natural Gas","Natural Gas",4051,"Yes"
"D","05/29/2022","00:44:15","Nuclear","Nuclear",2119,"No"
"D","05/29/2022","00:44:15","Other","Other",18,"No"
"D","05/29/2022","00:44:15","Landfill Gas","Renewables",35,"No"
"D","05/29/2022","00:44:15","Refuse","Renewables",356,"No"
"D","05/29/2022","00:44:15","Wind","Renewables",434,"No"
"D","05/29/2022","00:44:15","Wood","Renewables",162,"No"
"D","05/29/2022","00:46:02","Hydro","Hydro",600,"No"
"D","05/29/2022","00:46:02","Natural Gas","Natural Gas",3950,"Yes"
"D","05/29/2022","00:46:02","Nuclear","Nuclear",2119,"No"
"D","05/29/2022","00:46:02","Other","Other",30,"No"
"D","05/29/2022","00:46:02","Landfill Gas","Renewables",35,"No"
"D","05/29/2022","00:46:02","Refuse","Renewables",354,"No"
"D","05/29/2022","00:46:02","Wind","Renewables",420,"No"
"D","05/29/2022","00:46:02","Wood","Renewables",162,"No"
"D","05/29/2022","00:53:51","Hydro","Hydro",600,"No"
"D","05/29/2022","00:53:51","Natural Gas","Natural Gas",3966,"Yes"
"D","05/29/2022","00:53:51","Nuclear","Nuclear",2119,"No"
"D","05/29/2022","00:53:51","Other","Other",4,"No"
"D","05/29/2022","00:53:51","Landfill Gas","Renewables",35,"No"
"D","05/29/2022","00:53:51","Refuse","Renewables",353,"No"
"D","05/29/2022","00:53:51","Wind","Renewables",404,"No"
"D","05/29/2022","00:53:51","Wood","Renewables",164,"No"
"D","05/29/2022","01:07:13","Hydro","Hydro",600,"No"
"D","05/29/2022","01:07:13","Natural Gas","Natural Gas",3944,"Yes"
"D","05/29/2022","01:07:13","Nuclear","Nuclear",2118,"No"
"D","05/29/2022","01:07:13","Other","Other",4,"No"
"D","05/29/2022","01:07:13","Landfill Gas","Renewables",36,"No"
"D","05/29/2022","01:07:13","Refuse","Renewables",354,"No"
"D","05/29/2022","01:07:13","Wind","Renewables",382,"No"
"D","05/29/2022","01:07:13","Wood","Renewables",165,"No"
"D","05/29/2022","01:24:19","Hydro","Hydro",609,"No"
"D","05/29/2022","01:24:19","Natural Gas","Natural Gas",3619,"Yes"
"D","05/29/2022","01:24:19","Nuclear","Nuclear",2118,"No"
"D","05/29/2022","01:24:19","Other","Other",4,"No"
"D","05/29/2022","01:24:19","Landfill Gas","Renewables",35,"No"
"D","05/29/2022","01:24:19","Refuse","Renewables",362,"No"
"D","05/29/2022","01:24:19","Wind","Renewables",345,"No"
"D","05/29/2022","01:24:19","Wood","Renewables",165,"No"
"D","05/29/2022","01:40:09","Hydro","Hydro",610,"No"
"D","05/29/2022","01:40:09","Natural Gas","Natural Gas",3581,"Yes"
"D","05/29/2022","01:40:09","Nuclear","Nuclear",2118,"No"
"D","05/29/2022","01:40:09","Landfill Gas","Renewables",34,"No"
"D","05/29/2022","01:40:09","Refuse","Renewables",360,"No"
"D","05/29/2022","01:40:09","Wind","Renewables",355,"No"
"D","05/29/2022","01:40:09","Wood","Renewables",162,"No"
"D","05/29/2022","01:56:46","Hydro","Hydro",610,"No"
"D","05/29/2022","01:56:46","Natural Gas","Natural Gas",3395,"Yes"
"D","05/29/2022","01:56:46","Nuclear","Nuclear",2119,"No"
"D","05/29/2022","01:56:46","Landfill Gas","Renewables",34,"No"
"D","05/29/2022","01:56:46","Refuse","Renewables",362,"No"
"D","05/29/2022","01:56:46","Wind","Renewables",340,"No"
"D","05/29/2022","01:56:46","Wood","Renewables",162,"No"
"D","05/29/2022","02:10:19","Hydro","Hydro",557,"No"
"D","05/29/2022","02:10:19","Natural Gas","Natural Gas",3427,"Yes"
"D","05/29/2022","02:10:19","Nuclear","Nuclear",2118,"No"
"D","05/29/2022","02:10:19","Other","Other",11,"No"
"D","05/29/2022","02:10:19","Landfill Gas","Renewables",35,"No"
"D","05/29/2022","02:10:19","Refuse","Renewables",360,"No"
"D","05/29/2022","02:10:19","Wind","Renewables",340,"No"
"D","05/29/2022","02:10:19","Wood","Renewables",163,"No"
"D","05/29/2022","02:34:19","Hydro","Hydro",556,"No"
"D","05/29/2022","02:34:19","Natural Gas","Natural Gas",3383,"Yes"
"D","05/29/2022","02:34:19","Nuclear","Nuclear",2116,"No"
"D","05/29/2022","02:34:19","Landfill Gas","Renewables",36,"No"
"D","05/29/2022","02:34:19","Refuse","Renewables",352,"No"
"D","05/29/2022","02:34:19","Wind","Renewables",366,"No"
"D","05/29/2022","02:34:19","Wood","Renewables",166,"No"
"D","05/29/2022","02:47:18","Hydro","Hydro",554,"No"
"D","05/29/2022","02:47:18","Natural Gas","Natural Gas",3229,"Yes"
"D","05/29/2022","02:47:18","Nuclear","Nuclear",2121,"No"
"D","05/29/2022","02:47:18","Other","Other",5,"No"
"D","05/29/2022","02:47:18","Landfill Gas","Renewables",35,"No"
"D","05/29/2022","02:47:18","Refuse","Renewables",356,"No"
"D","05/29/2022","02:47:18","Wind","Renewables",342,"No"
"D","05/29/2022","02:47:18","Wood","Renewables",164,"No"
"D","05/29/2022","02:53:44","Hydro","Hydro",555,"No"
"D","05/29/2022","02:53:44","Natural Gas","Natural Gas",3193,"Yes"
"D","05/29/2022","02:53:44","Nuclear","Nuclear",2116,"No"
"D","05/29/2022","02:53:44","Landfill Gas","Renewables",35,"No"
"D","05/29/2022","02:53:44","Refuse","Renewables",360,"No"
"D","05/29/2022","02:53:44","Wind","Renewables",360,"No"
"D","05/29/2022","02:53:44","Wood","Renewables",166,"No"
"D","05/29/2022","03:10:16","Hydro","Hydro",541,"No"
"D","05/29/2022","03:10:16","Natural Gas","Natural Gas",3285,"Yes"
"D","05/29/2022","03:10:16","Nuclear","Nuclear",2119,"No"
"D","05/29/2022","03:10:16","Landfill Gas","Renewables",35,"No"
"D","05/29/2022","03:10:16","Refuse","Renewables",357,"No"
"D","05/29/2022","03:10:16","Wind","Renewables",375,"No"
"D","05/29/2022","03:10:16","Wood","Renewables",163,"No"
"D","05/29/2022","03:16:54","Hydro","Hydro",540,"No"
"D","05/29/2022","03:16:54","Natural Gas","Natural Gas",3286,"Yes"
"D","05/29/2022","03:16:54","Nuclear","Nuclear",2116,"No"
"D","05/29/2022","03:16:54","Landfill Gas","Renewables",35,"No"
"D","05/29/2022","03:16:54","Refuse","Renewables",359,"No"
"D","05/29/2022","03:16:54","Wind","Renewables",375,"No"
"D","05/29/2022","03:16:54","Wood","Renewables",162,"No"
"D","05/29/2022","03:23:26","Hydro","Hydro",539,"No"
"D","05/29/2022","03:23:26","Natural Gas","Natural Gas",3211,"Yes"
"D","05/29/2022","03:23:26","Nuclear","Nuclear",2118,"No"
"D","05/29/2022","03:23:26","Landfill Gas","Renewables",35,"No"
"D","05/29/2022","03:23:26","Refuse","Renewables",364,"No"
"D","05/29/2022","03:23:26","Wind","Renewables",395,"No"
"D","05/29/2022","03:23:26","Wood","Renewables",165,"No"
"D","05/29/2022","03:29:03","Hydro","Hydro",539,"No"
"D","05/29/2022","03:29:03","Natural Gas","Natural Gas",3194,"Yes"
"D","05/29/2022","03:29:03","Nuclear","Nuclear",2118,"No"
"D","05/29/2022","03:29:03","Landfill Gas","Renewables",36,"No"
"D","05/29/2022","03:29:03","Refuse","Renewables",360,"No"
"D","05/29/2022","03:29:03","Wind","Renewables",391,"No"
"D","05/29/2022","03:29:03","Wood","Renewables",164,"No"
"D","05/29/2022","03:29:10","Hydro","Hydro",539,"No"
"D","05/29/2022","03:29:10","Natural Gas","Natural Gas",3194,"Yes"
"D","05/29/2022","03:29:10","Nuclear","Nuclear",2118,"No"
"D","05/29/2022","03:29:10","Landfill Gas","Renewables",36,"No"
"D","05/29/2022","03:29:10","Refuse","Renewables",360,"No"
"D","05/29/2022","03:29:10","Wind","Renewables",391,"No"
"D","05/29/2022","03:29:10","Wood","Renewables",164,"No"
"D","05/29/2022","03:37:12","Hydro","Hydro",539,"No"
"D","05/29/2022","03:37:12","Natural Gas","Natural Gas",3134,"Yes"
"D","05/29/2022","03:37:12","Nuclear","Nuclear",2117,"No"
"D","05/29/2022","03:37:12","Other","Other",9,"No"
"D","05/29/2022","03:37:12","Landfill Gas","Renewables",36,"No"
"D","05/29/2022","03:37:12","Refuse","Renewables",360,"No"
"D","05/29/2022","03:37:12","Wind","Renewables",406,"No"
"D","05/29/2022","03:37:12","Wood","Renewables",162,"No"
"D","05/29/2022","03:46:58","Hydro","Hydro",541,"No"
"D","05/29/2022","03:46:58","Natural Gas","Natural Gas",3208,"Yes"
"D","05/29/2022","03:46:58","Nuclear","Nuclear",2118,"No"
"D","05/29/2022","03:46:58","Landfill Gas","Renewables",36,"No"
"D","05/29/2022","03:46:58","Refuse","Renewables",356,"No"
"D","05/29/2022","03:46:58","Wind","Renewables",416,"No"
"D","05/29/2022","03:46:58","Wood","Renewables",165,"No"
"D","05/29/2022","03:52:54","Hydro","Hydro",539,"No"
"D","05/29/2022","03:52:54","Natural Gas","Natural Gas",3127,"Yes"
"D","05/29/2022","03:52:54","Nuclear","Nuclear",2118,"No"
"D","05/29/2022","03:52:54","Other","Other",4,"No"
"D","05/29/2022","03:52:54","Landfill Gas","Renewables",36,"No"
"D","05/29/2022","03:52:54","Refuse","Renewables",358,"No"
"D","05/29/2022","03:52:54","Wind","Renewables",427,"No"
"D","05/29/2022","03:52:54","Wood","Renewables",164,"No"
"D","05/29/2022","04:05:40","Hydro","Hydro",581,"No"
"D","05/29/2022","04:05:40","Natural Gas","Natural Gas",3148,"Yes"
"D","05/29/2022","04:05:40","Nuclear","Nuclear",2121,"No"
"D","05/29/2022","04:05:40","Landfill Gas","Renewables",36,"No"
"D","05/29/2022","04:05:40","Refuse","Renewables",362,"No"
"D","05/29/2022","04:05:40","Wind","Renewables",430,"No"
"D","05/29/2022","04:05:40","Wood","Renewables",163,"No"
"D","05/29/2022","04:12:12","Hydro","Hydro",583,"No"
"D","05/29/2022","04:12:12","Natural Gas","Natural Gas",3174,"Yes"
"D","05/29/2022","04:12:12","Nuclear","Nuclear",2121,"No"
"D","05/29/2022","04:12:12","Landfill Gas","Renewables",36,"No"
"D","05/29/2022","04:12:12","Refuse","Renewables",363,"No"
"D","05/29/2022","04:12:12","Wind","Renewables",410,"No"
"D","05/29/2022","04:12:12","Wood","Renewables",165,"No"
"D","05/29/2022","04:16:34","Hydro","Hydro",583,"No"
"D","05/29/2022","04:16:34","Natural Gas","Natural Gas",3242,"Yes"
"D","05/29/2022","04:16:34","Nuclear","Nuclear",2119,"No"
"D","05/29/2022","04:16:34","Landfill Gas","Renewables",36,"No"
"D","05/29/2022","04:16:34","Refuse","Renewables",361,"No"
"D","05/29/2022","04:16:34","Wind","Renewables",431,"No"
"D","05/29/2022","04:16:34","Wood","Renewables",164,"No"
"D","05/29/2022","04:35:49","Hydro","Hydro",584,"No"
"D","05/29/2022","04:35:49","Natural Gas","Natural Gas",3106,"Yes"
"D","05/29/2022","04:35:49","Nuclear","Nuclear",2119,"No"
"D","05/29/2022","04:35:49","Other","Other",0,"No"
"D","05/29/2022","04:35:49","Landfill Gas","Renewables",36,"No"
"D","05/29/2022","04:35:49","Refuse","Renewables",360,"No"
"D","05/29/2022","04:35:49","Wind","Renewables",447,"No"
"D","05/29/2022","04:35:49","Wood","Renewables",166,"No"
"D","05/29/2022","04:42:15","Hydro","Hydro",585,"No"
"D","05/29/2022","04:42:15","Natural Gas","Natural Gas",2985,"Yes"
"D","05/29/2022","04:42:15","Nuclear","Nuclear",2119,"No"
"D","05/29/2022","04:42:15","Other","Other",1,"No"
"D","05/29/2022","04:42:15","Landfill Gas","Renewables",35,"No"
"D","05/29/2022","04:42:15","Refuse","Renewables",360,"No"
"D","05/29/2022","04:42:15","Wind","Renewables",447,"No"
"D","05/29/2022","04:42:15","Wood","Renewables",170,"No"
"D","05/29/2022","04:51:35","Hydro","Hydro",586,"No"
"D","05/29/2022","04:51:35","Natural Gas","Natural Gas",3208,"Yes"
"D","05/29/2022","04:51:35","Nuclear","Nuclear",2119,"No"
"D","05/29/2022","04:51:35","Other","Other",2,"No"
"D","05/29/2022","04:51:35","Landfill Gas","Renewables",36,"No"
"D","05/29/2022","04:51:35","Refuse","Renewables",359,"No"
"D","05/29/2022","04:51:35","Wind","Renewables",460,"No"
"D","05/29/2022","04:51:35","Wood","Renewables",175,"No"
"D","05/29/2022","05:10:16","Hydro","Hydro",583,"No"
"D","05/29/2022","05:10:16","Natural Gas","Natural Gas",3177,"Yes"
"D","05/29/2022","05:10:16","Nuclear","Nuclear",2118,"No"
"D","05/29/2022","05:10:16","Landfill Gas","Renewables",36,"No"
"D","05/29/2022","05:10:16","Refuse","Renewables",376,"No"
"D","05/29/2022","05:10:16","Wind","Renewables",504,"No"
"D","05/29/2022","05:10:16","Wood","Renewables",172,"No"
"D","05/29/2022","05:15:29","Hydro","Hydro",583,"No"
"D","05/29/2022","05:15:29","Natural Gas","Natural Gas",3177,"Yes"
"D","05/29/2022","05:15:29","Nuclear","Nuclear",2118,"No"
"D","05/29/2022","05:15:29","Landfill Gas","Renewables",36,"No"
"D","05/29/2022","05:15:29","Refuse","Renewables",376,"No"
"D","05/29/2022","05:15:29","Wind","Renewables",504,"No"
"D","05/29/2022","05:15:29","Wood","Renewables",172,"No"
"D","05/29/2022","05:31:33","Hydro","Hydro",587,"No"
"D","05/29/2022","05:31:33","Natural Gas","Natural Gas",3306,"Yes"
"D","05/29/2022","05:31:33","Nuclear","Nuclear",2118,"No"
"D","05/29/2022","05:31:33","Landfill Gas","Renewables",36,"No"
"D","05/29/2022","05:31:33","Refuse","Renewables",374,"No"
"D","05/29/2022","05:31:33","Solar","Renewables",3,"No"
"D","05/29/2022","05:31:33","Wind","Renewables",488,"No"
"D","05/29/2022","05:31:33","Wood","Renewables",174,"No"
"D","05/29/2022","05:38:09","Hydro","Hydro",584,"No"
"D","05/29/2022","05:38:09","Natural Gas","Natural Gas",3183,"Yes"
"D","05/29/2022","05:38:09","Nuclear","Nuclear",2116,"No"
"D","05/29/2022","05:38:09","Landfill Gas","Renewables",36,"No"
"D","05/29/2022","05:38:09","Refuse","Renewables",373,"No"
"D","05/29/2022","05:38:09","Solar","Renewables",5,"No"
"D","05/29/2022","05:38:09","Wind","Renewables",489,"No"
"D","05/29/2022","05:38:09","Wood","Renewables",174,"No"
"D","05/29/2022","05:53:37","Hydro","Hydro",580,"No"
"D","05/29/2022","05:53:37","Natural Gas","Natural Gas",2996,"Yes"
"D","05/29/2022","05:53:37","Nuclear","Nuclear",2118,"No"
"D","05/29/2022","05:53:37","Landfill Gas","Renewables",35,"No"
"D","05/29/2022","05:53:37","Refuse","Renewables",377,"No"
"D","05/29/2022","05:53:37","Solar","Renewables",13,"No"
"D","05/29/2022","05:53:37","Wind","Renewables",493,"No"
"D","05/29/2022","05:53:37","Wood","Renewables",175,"No"
"D","05/29/2022","05:57:59","Hydro","Hydro",583,"No"
"D","05/29/2022","05:57:59","Natural Gas","Natural Gas",2994,"Yes"
"D","05/29/2022","05:57:59","Nuclear","Nuclear",2116,"No"
"D","05/29/2022","05:57:59","Landfill Gas","Renewables",35,"No"
"D","05/29/2022","05:57:59","Refuse","Renewables",376,"No"
"D","05/29/2022","05:57:59","Solar","Renewables",15,"No"
"D","05/29/2022","05:57:59","Wind","Renewables",489,"No"
"D","05/29/2022","05:57:59","Wood","Renewables",171,"No"
"D","05/29/2022","06:06:47","Hydro","Hydro",587,"No"
"D","05/29/2022","06:06:47","Natural Gas","Natural Gas",3076,"Yes"
"D","05/29/2022","06:06:47","Nuclear","Nuclear",2118,"No"
"D","05/29/2022","06:06:47","Landfill Gas","Renewables",35,"No"
"D","05/29/2022","06:06:47","Refuse","Renewables",374,"No"
"D","05/29/2022","06:06:47","Solar","Renewables",21,"No"
"D","05/29/2022","06:06:47","Wind","Renewables",502,"No"
"D","05/29/2022","06:06:47","Wood","Renewables",172,"No"
"D","05/29/2022","06:15:50","Hydro","Hydro",586,"No"
"D","05/29/2022","06:15:50","Natural Gas","Natural Gas",3284,"Yes"
"D","05/29/2022","06:15:50","Nuclear","Nuclear",2118,"No"
"D","05/29/2022","06:15:50","Landfill Gas","Renewables",35,"No"
"D","05/29/2022","06:15:50","Refuse","Renewables",374,"No"
"D","05/29/2022","06:15:50","Solar","Renewables",25,"No"
"D","05/29/2022","06:15:50","Wind","Renewables",499,"No"
"D","05/29/2022","06:15:50","Wood","Renewables",174,"No"
"D","05/29/2022","06:21:18","Hydro","Hydro",586,"No"
"D","05/29/2022","06:21:18","Natural Gas","Natural Gas",3419,"Yes"
"D","05/29/2022","06:21:18","Nuclear","Nuclear",2118,"No"
"D","05/29/2022","06:21:18","Other","Other",36,"No"
"D","05/29/2022","06:21:18","Landfill Gas","Renewables",36,"No"
"D","05/29/2022","06:21:18","Refuse","Renewables",370,"No"
"D","05/29/2022","06:21:18","Solar","Renewables",32,"No"
"D","05/29/2022","06:21:18","Wind","Renewables",502,"No"
"D","05/29/2022","06:21:18","Wood","Renewables",163,"No"
"D","05/29/2022","06:32:13","Hydro","Hydro",585,"No"
"D","05/29/2022","06:32:13","Natural Gas","Natural Gas",3463,"Yes"
"D","05/29/2022","06:32:13","Nuclear","Nuclear",2115,"No"
"D","05/29/2022","06:32:13","Landfill Gas","Renewables",35,"No"
"D","05/29/2022","06:32:13","Refuse","Renewables",373,"No"
"D","05/29/2022","06:32:13","Solar","Renewables",44,"No"
"D","05/29/2022","06:32:13","Wind","Renewables",493,"No"
"D","05/29/2022","06:32:13","Wood","Renewables",165,"No"
"D","05/29/2022","06:41:55","Hydro","Hydro",579,"No"
"D","05/29/2022","06:41:55","Natural Gas","Natural Gas",3595,"Yes"
"D","05/29/2022","06:41:55","Nuclear","Nuclear",2118,"No"
"D","05/29/2022","06:41:55","Landfill Gas","Renewables",35,"No"
"D","05/29/2022","06:41:55","Refuse","Renewables",374,"No"
"D","05/29/2022","06:41:55","Solar","Renewables",56,"No"
"D","05/29/2022","06:41:55","Wind","Renewables",478,"No"
"D","05/29/2022","06:41:55","Wood","Renewables",168,"No"
"D","05/29/2022","06:52:27","Hydro","Hydro",586,"No"
"D","05/29/2022","06:52:27","Natural Gas","Natural Gas",3639,"Yes"
"D","05/29/2022","06:52:27","Nuclear","Nuclear",2119,"No"
"D","05/29/2022","06:52:27","Other","Other",27,"No"
"D","05/29/2022","06:52:27","Landfill Gas","Renewables",36,"No"
"D","05/29/2022","06:52:27","Refuse","Renewables",372,"No"
"D","05/29/2022","06:52:27","Solar","Renewables",72,"No"
"D","05/29/2022","06:52:27","Wind","Renewables",470,"No"
"D","05/29/2022","06:52:27","Wood","Renewables",170,"No"
"D","05/29/2022","06:55:34","Hydro","Hydro",627,"No"
"D","05/29/2022","06:55:34","Natural Gas","Natural Gas",3662,"Yes"
"D","05/29/2022","06:55:34","Nuclear","Nuclear",2118,"No"
"D","05/29/2022","06:55:34","Other","Other",4,"No"
"D","05/29/2022","06:55:34","Landfill Gas","Renewables",36,"No"
"D","05/29/2022","06:55:34","Refuse","Renewables",375,"No"
"D","05/29/2022","06:55:34","Solar","Renewables",78,"No"
"D","05/29/2022","06:55:34","Wind","Renewables",449,"No"
"D","05/29/2022","06:55:34","Wood","Renewables",169,"No"
"D","05/29/2022","06:58:37","Hydro","Hydro",636,"No"
"D","05/29/2022","06:58:37","Natural Gas","Natural Gas",3676,"Yes"
"D","05/29/2022","06:58:37","Nuclear","Nuclear",2119,"No"
"D","05/29/2022","06:58:37","Other","Other",0,"No"
"D","05/29/2022","06:58:37","Landfill Gas","Renewables",35,"No"
"D","05/29/2022","06:58:37","Refuse","Renewables",373,"No"
"D","05/29/2022","06:58:37","Solar","Renewables",88,"No"
"D","05/29/2022","06:58:37","Wind","Renewables",446,"No"
"D","05/29/2022","06:58:37","Wood","Renewables",170,"No"
"D","05/29/2022","07:08:41","Hydro","Hydro",620,"No"
"D","05/29/2022","07:08:41","Natural Gas","Natural Gas",3568,"Yes"
"D","05/29/2022","07:08:41","Nuclear","Nuclear",2119,"No"
"D","05/29/2022","07:08:41","Other","Other",38,"No"
"D","05/29/2022","07:08:41","Landfill Gas","Renewables",35,"No"
"D","05/29/2022","07:08:41","Refuse","Renewables",377,"No"
"D","05/29/2022","07:08:41","Solar","Renewables",105,"No"
"D","05/29/2022","07:08:41","Wind","Renewables",435,"No"
"D","05/29/2022","07:08:41","Wood","Renewables",172,"No"
"D","05/29/2022","07:16:07","Hydro","Hydro",620,"No"
"D","05/29/2022","07:16:07","Natural Gas","Natural Gas",3732,"Yes"
"D","05/29/2022","07:16:07","Nuclear","Nuclear",2118,"No"
"D","05/29/2022","07:16:07","Other","Other",0,"No"
"D","05/29/2022","07:16:07","Landfill Gas","Renewables",35,"No"
"D","05/29/2022","07:16:07","Refuse","Renewables",380,"No"
"D","05/29/2022","07:16:07","Solar","Renewables",128,"No"
"D","05/29/2022","07:16:07","Wind","Renewables",418,"No"
"D","05/29/2022","07:16:07","Wood","Renewables",171,"No"
"D","05/29/2022","07:21:42","Hydro","Hydro",621,"No"
"D","05/29/2022","07:21:42","Natural Gas","Natural Gas",3779,"Yes"
"D","05/29/2022","07:21:42","Nuclear","Nuclear",2118,"No"
"D","05/29/2022","07:21:42","Other","Other",2,"No"
"D","05/29/2022","07:21:42","Landfill Gas","Renewables",35,"No"
"D","05/29/2022","07:21:42","Refuse","Renewables",371,"No"
"D","05/29/2022","07:21:42","Solar","Renewables",141,"No"
"D","05/29/2022","07:21:42","Wind","Renewables",416,"No"
"D","05/29/2022","07:21:42","Wood","Renewables",172,"No"
"D","05/29/2022","07:28:59","Hydro","Hydro",618,"No"
"D","05/29/2022","07:28:59","Natural Gas","Natural Gas",3791,"Yes"
"D","05/29/2022","07:28:59","Nuclear","Nuclear",2119,"No"
"D","05/29/2022","07:28:59","Other","Other",0,"No"
"D","05/29/2022","07:28:59","Landfill Gas","Renewables",35,"No"
"D","05/29/2022","07:28:59","Refuse","Renewables",358,"No"
"D","05/29/2022","07:28:59","Solar","Renewables",162,"No"
"D","05/29/2022","07:28:59","Wind","Renewables",394,"No"
"D","05/29/2022","07:28:59","Wood","Renewables",171,"No"
"D","05/29/2022","07:39:09","Hydro","Hydro",620,"No"
"D","05/29/2022","07:39:09","Natural Gas","Natural Gas",3704,"Yes"
"D","05/29/2022","07:39:09","Nuclear","Nuclear",2119,"No"
"D","05/29/2022","07:39:09","Other","Other",8,"No"
"D","05/29/2022","07:39:09","Landfill Gas","Renewables",35,"No"
"D","05/29/2022","07:39:09","Refuse","Renewables",377,"No"
"D","05/29/2022","07:39:09","Solar","Renewables",186,"No"
"D","05/29/2022","07:39:09","Wind","Renewables",348,"No"
"D","05/29/2022","07:39:09","Wood","Renewables",172,"No"
"D","05/29/2022","07:54:14","Hydro","Hydro",612,"No"
"D","05/29/2022","07:54:14","Natural Gas","Natural Gas",3767,"Yes"
"D","05/29/2022","07:54:14","Nuclear","Nuclear",2118,"No"
"D","05/29/2022","07:54:14","Other","Other",0,"No"
"D","05/29/2022","07:54:14","Landfill Gas","Renewables",35,"No"
"D","05/29/2022","07:54:14","Refuse","Renewables",379,"No"
"D","05/29/2022","07:54:14","Solar","Renewables",222,"No"
"D","05/29/2022","07:54:14","Wind","Renewables",280,"No"
"D","05/29/2022","07:54:14","Wood","Renewables",173,"No"
"D","05/29/2022","07:56:11","Hydro","Hydro",611,"No"
"D","05/29/2022","07:56:11","Natural Gas","Natural Gas",3779,"Yes"
"D","05/29/2022","07:56:11","Nuclear","Nuclear",2121,"No"
"D","05/29/2022","07:56:11","Other","Other",1,"No"
"D","05/29/2022","07:56:11","Landfill Gas","Renewables",35,"No"
"D","05/29/2022","07:56:11","Refuse","Renewables",377,"No"
"D","05/29/2022","07:56:11","Solar","Renewables",226,"No"
"D","05/29/2022","07:56:11","Wind","Renewables",278,"No"
"D","05/29/2022","07:56:11","Wood","Renewables",172,"No"
"D","05/29/2022","08:02:47","Hydro","Hydro",611,"No"
"D","05/29/2022","08:02:47","Natural Gas","Natural Gas",3698,"Yes"
"D","05/29/2022","08:02:47","Nuclear","Nuclear",2118,"No"
"D","05/29/2022","08:02:47","Other","Other",10,"No"
"D","05/29/2022","08:02:47","Landfill Gas","Renewables",35,"No"
"D","05/29/2022","08:02:47","Refuse","Renewables",381,"No"
"D","05/29/2022","08:02:47","Solar","Renewables",234,"No"
"D","05/29/2022","08:02:47","Wind","Renewables",249,"No"
"D","05/29/2022","08:02:47","Wood","Renewables",174,"No"
"D","05/29/2022","08:06:49","Hydro","Hydro",630,"No"
"D","05/29/2022","08:06:49","Natural Gas","Natural Gas",3675,"Yes"
"D","05/29/2022","08:06:49","Nuclear","Nuclear",2119,"No"
"D","05/29/2022","08:06:49","Other","Other",23,"No"
"D","05/29/2022","08:06:49","Landfill Gas","Renewables",35,"No"
"D","05/29/2022","08:06:49","Refuse","Renewables",382,"No"
"D","05/29/2022","08:06:49","Solar","Renewables",248,"No"
"D","05/29/2022","08:06:49","Wind","Renewables",239,"No"
"D","05/29/2022","08:06:49","Wood","Renewables",172,"No"
"D","05/29/2022","08:13:35","Hydro","Hydro",629,"No"
"D","05/29/2022","08:13:35","Natural Gas","Natural Gas",3647,"Yes"
"D","05/29/2022","08:13:35","Nuclear","Nuclear",2119,"No"
"D","05/29/2022","08:13:35","Other","Other",1,"No"
"D","05/29/2022","08:13:35","Landfill Gas","Renewables",35,"No"
"D","05/29/2022","08:13:35","Refuse","Renewables",380,"No"
"D","05/29/2022","08:13:35","Solar","Renewables",266,"No"
"D","05/29/2022","08:13:35","Wind","Renewables",226,"No"
"D","05/29/2022","08:13:35","Wood","Renewables",172,"No"
"D","05/29/2022","08:17:02","Coal","Coal",6,"No"
"D","05/29/2022","08:17:02","Hydro","Hydro",632,"No"
"D","05/29/2022","08:17:02","Natural Gas","Natural Gas",3654,"Yes"
"D","05/29/2022","08:17:02","Nuclear","Nuclear",2118,"No"
"D","05/29/2022","08:17:02","Other","Other",1,"No"
"D","05/29/2022","08:17:02","Landfill Gas","Renewables",35,"No"
"D","05/29/2022","08:17:02","Refuse","Renewables",382,"No"
"D","05/29/2022","08:17:02","Solar","Renewables",276,"No"
"D","05/29/2022","08:17:02","Wind","Renewables",227,"No"
"D","05/29/2022","08:17:02","Wood","Renewables",169,"No"
"D","05/29/2022","08:19:08","Coal","Coal",1,"No"
"D","05/29/2022","08:19:08","Hydro","Hydro",634,"No"
"D","05/29/2022","08:19:08","Natural Gas","Natural Gas",3667,"Yes"
"D","05/29/2022","08:19:08","Nuclear","Nuclear",2119,"No"
"D","05/29/2022","08:19:08","Other","Other",1,"No"
"D","05/29/2022","08:19:08","Landfill Gas","Renewables",35,"No"
"D","05/29/2022","08:19:08","Refuse","Renewables",378,"No"
"D","05/29/2022","08:19:08","Solar","Renewables",284,"No"
"D","05/29/2022","08:19:08","Wind","Renewables",218,"No"
"D","05/29/2022","08:19:08","Wood","Renewables",170,"No"
"D","05/29/2022","08:27:41","Hydro","Hydro",636,"No"
"D","05/29/2022","08:27:41","Natural Gas","Natural Gas",3557,"Yes"
"D","05/29/2022","08:27:41","Nuclear","Nuclear",2119,"No"
"D","05/29/2022","08:27:41","Other","Other",12,"No"
"D","05/29/2022","08:27:41","Landfill Gas","Renewables",35,"No"
"D","05/29/2022","08:27:41","Refuse","Renewables",377,"No"
"D","05/29/2022","08:27:41","Solar","Renewables",299,"No"
"D","05/29/2022","08:27:41","Wind","Renewables",195,"No"
"D","05/29/2022","08:27:41","Wood","Renewables",172,"No"
"D","05/29/2022","08:35:25","Hydro","Hydro",636,"No"
"D","05/29/2022","08:35:25","Natural Gas","Natural Gas",3631,"Yes"
"D","05/29/2022","08:35:25","Nuclear","Nuclear",2121,"No"
"D","05/29/2022","08:35:25","Other","Other",19,"No"
"D","05/29/2022","08:35:25","Landfill Gas","Renewables",35,"No"
"D","05/29/2022","08:35:25","Refuse","Renewables",375,"No"
"D","05/29/2022","08:35:25","Solar","Renewables",318,"No"
"D","05/29/2022","08:35:25","Wind","Renewables",205,"No"
"D","05/29/2022","08:35:25","Wood","Renewables",173,"No"
"D","05/29/2022","08:37:54","Hydro","Hydro",636,"No"
"D","05/29/2022","08:37:54","Natural Gas","Natural Gas",3642,"Yes"
"D","05/29/2022","08:37:54","Nuclear","Nuclear",2118,"No"
"D","05/29/2022","08:37:54","Other","Other",37,"No"
"D","05/29/2022","08:37:54","Landfill Gas","Renewables",35,"No"
"D","05/29/2022","08:37:54","Refuse","Renewables",379,"No"
"D","05/29/2022","08:37:54","Solar","Renewables",325,"No"
"D","05/29/2022","08:37:54","Wind","Renewables",191,"No"
"D","05/29/2022","08:37:54","Wood","Renewables",174,"No"
"D","05/29/2022","08:48:09","Hydro","Hydro",633,"No"
"D","05/29/2022","08:48:09","Natural Gas","Natural Gas",3661,"Yes"
"D","05/29/2022","08:48:09","Nuclear","Nuclear",2121,"No"
"D","05/29/2022","08:48:09","Other","Other",1,"No"
"D","05/29/2022","08:48:09","Landfill Gas","Renewables",35,"No"
"D","05/29/2022","08:48:09","Refuse","Renewables",376,"No"
"D","05/29/2022","08:48:09","Solar","Renewables",345,"No"
"D","05/29/2022","08:48:09","Wind","Renewables",164,"No"
"D","05/29/2022","08:48:09","Wood","Renewables",173,"No"
"D","05/29/2022","08:59:29","Hydro","Hydro",629,"No"
"D","05/29/2022","08:59:29","Natural Gas","Natural Gas",3692,"Yes"
"D","05/29/2022","08:59:29","Nuclear","Nuclear",2119,"No"
"D","05/29/2022","08:59:29","Landfill Gas","Renewables",35,"No"
"D","05/29/2022","08:59:29","Refuse","Renewables",380,"No"
"D","05/29/2022","08:59:29","Solar","Renewables",372,"No"
"D","05/29/2022","08:59:29","Wind","Renewables",175,"No"
"D","05/29/2022","08:59:29","Wood","Renewables",172,"No"
"D","05/29/2022","09:02:59","Hydro","Hydro",673,"No"
"D","05/29/2022","09:02:59","Natural Gas","Natural Gas",3835,"Yes"
"D","05/29/2022","09:02:59","Nuclear","Nuclear",2121,"No"
"D","05/29/2022","09:02:59","Other","Other",2,"No"
"D","05/29/2022","09:02:59","Landfill Gas","Renewables",35,"No"
"D","05/29/2022","09:02:59","Refuse","Renewables",375,"No"
"D","05/29/2022","09:02:59","Solar","Renewables",380,"No"
"D","05/29/2022","09:02:59","Wind","Renewables",181,"No"
"D","05/29/2022","09:02:59","Wood","Renewables",172,"No"
"D","05/29/2022","09:05:41","Hydro","Hydro",673,"No"
"D","05/29/2022","09:05:41","Natural Gas","Natural Gas",3833,"Yes"
"D","05/29/2022","09:05:41","Nuclear","Nuclear",2118,"No"
"D","05/29/2022","09:05:41","Other","Other",44,"No"
"D","05/29/2022","09:05:41","Landfill Gas","Renewables",35,"No"
"D","05/29/2022","09:05:41","Refuse","Renewables",374,"No"
"D","05/29/2022","09:05:41","Solar","Renewables",380,"No"
"D","05/29/2022","09:05:41","Wind","Renewables",189,"No"
"D","05/29/2022","09:05:41","Wood","Renewables",171,"No"
"D","05/29/2022","09:16:53","Hydro","Hydro",676,"No"
"D","05/29/2022","09:16:53","Natural Gas","Natural Gas",3827,"Yes"
"D","05/29/2022","09:16:53","Nuclear","Nuclear",2119,"No"
"D","05/29/2022","09:16:53","Landfill Gas","Renewables",35,"No"
"D","05/29/2022","09:16:53","Refuse","Renewables",379,"No"
"D","05/29/2022","09:16:53","Solar","Renewables",405,"No"
"D","05/29/2022","09:16:53","Wind","Renewables",182,"No"
"D","05/29/2022","09:16:53","Wood","Renewables",174,"No"
"D","05/29/2022","09:21:42","Hydro","Hydro",688,"No"
"D","05/29/2022","09:21:42","Natural Gas","Natural Gas",3816,"Yes"
"D","05/29/2022","09:21:42","Nuclear","Nuclear",2119,"No"
"D","05/29/2022","09:21:42","Landfill Gas","Renewables",35,"No"
"D","05/29/2022","09:21:42","Refuse","Renewables",382,"No"
"D","05/29/2022","09:21:42","Solar","Renewables",412,"No"
"D","05/29/2022","09:21:42","Wind","Renewables",189,"No"
"D","05/29/2022","09:21:42","Wood","Renewables",172,"No"
"D","05/29/2022","09:25:03","Hydro","Hydro",681,"No"
"D","05/29/2022","09:25:03","Natural Gas","Natural Gas",3779,"Yes"
"D","05/29/2022","09:25:03","Nuclear","Nuclear",2118,"No"
"D","05/29/2022","09:25:03","Landfill Gas","Renewables",35,"No"
"D","05/29/2022","09:25:03","Refuse","Renewables",385,"No"
"D","05/29/2022","09:25:03","Solar","Renewables",414,"No"
"D","05/29/2022","09:25:03","Wind","Renewables",198,"No"
"D","05/29/2022","09:25:03","Wood","Renewables",170,"No"
"D","05/29/2022","09:37:58","Hydro","Hydro",682,"No"
"D","05/29/2022","09:37:58","Natural Gas","Natural Gas",3607,"Yes"
"D","05/29/2022","09:37:58","Nuclear","Nuclear",2118,"No"
"D","05/29/2022","09:37:58","Other","Other",2,"No"
"D","05/29/2022","09:37:58","Landfill Gas","Renewables",35,"No"
"D","05/29/2022","09:37:58","Refuse","Renewables",379,"No"
"D","05/29/2022","09:37:58","Solar","Renewables",437,"No"
"D","05/29/2022","09:37:58","Wind","Renewables",181,"No"
"D","05/29/2022","09:37:58","Wood","Renewables",170,"No"
"D","05/29/2022","09:46:35","Hydro","Hydro",682,"No"
"D","05/29/2022","09:46:35","Natural Gas","Natural Gas",3735,"Yes"
"D","05/29/2022","09:46:35","Nuclear","Nuclear",2118,"No"
"D","05/29/2022","09:46:35","Landfill Gas","Renewables",35,"No"
"D","05/29/2022","09:46:35","Refuse","Renewables",380,"No"
"D","05/29/2022","09:46:35","Solar","Renewables",446,"No"
"D","05/29/2022","09:46:35","Wind","Renewables",201,"No"
"D","05/29/2022","09:46:35","Wood","Renewables",168,"No"
"D","05/29/2022","09:51:29","Coal","Coal",2,"No"
"D","05/29/2022","09:51:29","Hydro","Hydro",685,"No"
"D","05/29/2022","09:51:29","Natural Gas","Natural Gas",3646,"Yes"
"D","05/29/2022","09:51:29","Nuclear","Nuclear",2117,"No"
"D","05/29/2022","09:51:29","Other","Other",1,"No"
"D","05/29/2022","09:51:29","Landfill Gas","Renewables",35,"No"
"D","05/29/2022","09:51:29","Refuse","Renewables",379,"No"
"D","05/29/2022","09:51:29","Solar","Renewables",448,"No"
"D","05/29/2022","09:51:29","Wind","Renewables",203,"No"
"D","05/29/2022","09:51:29","Wood","Renewables",171,"No"
"D","05/29/2022","10:00:02","Hydro","Hydro",679,"No"
"D","05/29/2022","10:00:02","Natural Gas","Natural Gas",3657,"Yes"
"D","05/29/2022","10:00:02","Nuclear","Nuclear",2117,"No"
"D","05/29/2022","10:00:02","Landfill Gas","Renewables",35,"No"
"D","05/29/2022","10:00:02","Refuse","Renewables",379,"No"
"D","05/29/2022","10:00:02","Solar","Renewables",459,"No"
"D","05/29/2022","10:00:02","Wind","Renewables",219,"No"
"D","05/29/2022","10:00:02","Wood","Renewables",169,"No"
"D","05/29/2022","10:06:37","Hydro","Hydro",679,"No"
"D","05/29/2022","10:06:37","Natural Gas","Natural Gas",3717,"Yes"
"D","05/29/2022","10:06:37","Nuclear","Nuclear",2118,"No"
"D","05/29/2022","10:06:37","Landfill Gas","Renewables",35,"No"
"D","05/29/2022","10:06:37","Refuse","Renewables",377,"No"
"D","05/29/2022","10:06:37","Solar","Renewables",466,"No"
"D","05/29/2022","10:06:37","Wind","Renewables",230,"No"
"D","05/29/2022","10:06:37","Wood","Renewables",169,"No"
"D","05/29/2022","10:09:26","Hydro","Hydro",678,"No"
"D","05/29/2022","10:09:26","Natural Gas","Natural Gas",3725,"Yes"
"D","05/29/2022","10:09:26","Nuclear","Nuclear",2119,"No"
"D","05/29/2022","10:09:26","Landfill Gas","Renewables",35,"No"
"D","05/29/2022","10:09:26","Refuse","Renewables",375,"No"
"D","05/29/2022","10:09:26","Solar","Renewables",464,"No"
"D","05/29/2022","10:09:26","Wind","Renewables",221,"No"
"D","05/29/2022","10:09:26","Wood","Renewables",170,"No"
"D","05/29/2022","10:20:12","Hydro","Hydro",680,"No"
"D","05/29/2022","10:20:12","Natural Gas","Natural Gas",3698,"Yes"
"D","05/29/2022","10:20:12","Nuclear","Nuclear",2117,"No"
"D","05/29/2022","10:20:12","Other","Other",34,"No"
"D","05/29/2022","10:20:12","Landfill Gas","Renewables",35,"No"
"D","05/29/2022","10:20:12","Refuse","Renewables",377,"No"
"D","05/29/2022","10:20:12","Solar","Renewables",463,"No"
"D","05/29/2022","10:20:12","Wind","Renewables",243,"No"
"D","05/29/2022","10:20:12","Wood","Renewables",172,"No"
"D","05/29/2022","10:23:34","Hydro","Hydro",675,"No"
"D","05/29/2022","10:23:34","Natural Gas","Natural Gas",3721,"Yes"
"D","05/29/2022","10:23:34","Nuclear","Nuclear",2118,"No"
"D","05/29/2022","10:23:34","Other","Other",1,"No"
"D","05/29/2022","10:23:34","Landfill Gas","Renewables",35,"No"
"D","05/29/2022","10:23:34","Refuse","Renewables",377,"No"
"D","05/29/2022","10:23:34","Solar","Renewables",462,"No"
"D","05/29/2022","10:23:34","Wind","Renewables",246,"No"
"D","05/29/2022","10:23:34","Wood","Renewables",170,"No"
"D","05/29/2022","10:32:14","Hydro","Hydro",676,"No"
"D","05/29/2022","10:32:14","Natural Gas","Natural Gas",3626,"Yes"
"D","05/29/2022","10:32:14","Nuclear","Nuclear",2119,"No"
"D","05/29/2022","10:32:14","Landfill Gas","Renewables",35,"No"
"D","05/29/2022","10:32:14","Refuse","Renewables",383,"No"
"D","05/29/2022","10:32:14","Solar","Renewables",444,"No"
"D","05/29/2022","10:32:14","Wind","Renewables",229,"No"
"D","05/29/2022","10:32:14","Wood","Renewables",170,"No"
"D","05/29/2022","10:35:42","Hydro","Hydro",676,"No"
"D","05/29/2022","10:35:42","Natural Gas","Natural Gas",3589,"Yes"
"D","05/29/2022","10:35:42","Nuclear","Nuclear",2118,"No"
"D","05/29/2022","10:35:42","Landfill Gas","Renewables",35,"No"
"D","05/29/2022","10:35:42","Refuse","Renewables",377,"No"
"D","05/29/2022","10:35:42","Solar","Renewables",440,"No"
"D","05/29/2022","10:35:42","Wind","Renewables",232,"No"
"D","05/29/2022","10:35:42","Wood","Renewables",172,"No"
"D","05/29/2022","10:40:30","Hydro","Hydro",674,"No"
"D","05/29/2022","10:40:30","Natural Gas","Natural Gas",3444,"Yes"
"D","05/29/2022","10:40:30","Nuclear","Nuclear",2118,"No"
"D","05/29/2022","10:40:30","Other","Other",17,"No"
"D","05/29/2022","10:40:30","Landfill Gas","Renewables",35,"No"
"D","05/29/2022","10:40:30","Refuse","Renewables",378,"No"
"D","05/29/2022","10:40:30","Solar","Renewables",462,"No"
"D","05/29/2022","10:40:30","Wind","Renewables",239,"No"
"D","05/29/2022","10:40:30","Wood","Renewables",170,"No"
"D","05/29/2022","10:52:30","Coal","Coal",3,"No"
"D","05/29/2022","10:52:30","Hydro","Hydro",673,"No"
"D","05/29/2022","10:52:30","Natural Gas","Natural Gas",3537,"Yes"
"D","05/29/2022","10:52:30","Nuclear","Nuclear",2114,"No"
"D","05/29/2022","10:52:30","Landfill Gas","Renewables",35,"No"
"D","05/29/2022","10:52:30","Refuse","Renewables",376,"No"
"D","05/29/2022","10:52:30","Solar","Renewables",416,"No"
"D","05/29/2022","10:52:30","Wind","Renewables",238,"No"
"D","05/29/2022","10:52:30","Wood","Renewables",170,"No"
"D","05/29/2022","10:59:29","Hydro","Hydro",596,"No"
"D","05/29/2022","10:59:29","Natural Gas","Natural Gas",3711,"Yes"
"D","05/29/2022","10:59:29","Nuclear","Nuclear",2116,"No"
"D","05/29/2022","10:59:29","Other","Other",1,"No"
"D","05/29/2022","10:59:29","Landfill Gas","Renewables",35,"No"
"D","05/29/2022","10:59:29","Refuse","Renewables",375,"No"
"D","05/29/2022","10:59:29","Solar","Renewables",433,"No"
"D","05/29/2022","10:59:29","Wind","Renewables",266,"No"
"D","05/29/2022","10:59:29","Wood","Renewables",172,"No"
"D","05/29/2022","11:04:01","Hydro","Hydro",595,"No"
"D","05/29/2022","11:04:01","Natural Gas","Natural Gas",3699,"Yes"
"D","05/29/2022","11:04:01","Nuclear","Nuclear",2116,"No"
"D","05/29/2022","11:04:01","Other","Other",18,"No"
"D","05/29/2022","11:04:01","Landfill Gas","Renewables",35,"No"
"D","05/29/2022","11:04:01","Refuse","Renewables",370,"No"
"D","05/29/2022","11:04:01","Solar","Renewables",453,"No"
"D","05/29/2022","11:04:01","Wind","Renewables",283,"No"
"D","05/29/2022","11:04:01","Wood","Renewables",170,"No"
"D","05/29/2022","11:07:06","Hydro","Hydro",593,"No"
"D","05/29/2022","11:07:06","Natural Gas","Natural Gas",3732,"Yes"
"D","05/29/2022","11:07:06","Nuclear","Nuclear",2119,"No"
"D","05/29/2022","11:07:06","Other","Other",6,"No"
"D","05/29/2022","11:07:06","Landfill Gas","Renewables",35,"No"
"D","05/29/2022","11:07:06","Refuse","Renewables",374,"No"
"D","05/29/2022","11:07:06","Solar","Renewables",451,"No"
"D","05/29/2022","11:07:06","Wind","Renewables",274,"No"
"D","05/29/2022","11:07:06","Wood","Renewables",170,"No"
"D","05/29/2022","11:12:15","Hydro","Hydro",596,"No"
"D","05/29/2022","11:12:15","Natural Gas","Natural Gas",4058,"Yes"
"D","05/29/2022","11:12:15","Nuclear","Nuclear",2118,"No"
"D","05/29/2022","11:12:15","Landfill Gas","Renewables",35,"No"
"D","05/29/2022","11:12:15","Refuse","Renewables",374,"No"
"D","05/29/2022","11:12:15","Solar","Renewables",451,"No"
"D","05/29/2022","11:12:15","Wind","Renewables",317,"No"
"D","05/29/2022","11:12:15","Wood","Renewables",172,"No"
"D","05/29/2022","11:21:15","Hydro","Hydro",595,"No"
"D","05/29/2022","11:21:15","Natural Gas","Natural Gas",4159,"Yes"
"D","05/29/2022","11:21:15","Nuclear","Nuclear",2118,"No"
"D","05/29/2022","11:21:15","Other","Other",3,"No"
"D","05/29/2022","11:21:15","Landfill Gas","Renewables",35,"No"
"D","05/29/2022","11:21:15","Refuse","Renewables",379,"No"
"D","05/29/2022","11:21:15","Solar","Renewables",424,"No"
"D","05/29/2022","11:21:15","Wind","Renewables",315,"No"
"D","05/29/2022","11:21:15","Wood","Renewables",172,"No"
"D","05/29/2022","11:30:38","Hydro","Hydro",593,"No"
"D","05/29/2022","11:30:38","Natural Gas","Natural Gas",4148,"Yes"
"D","05/29/2022","11:30:38","Nuclear","Nuclear",2116,"No"
"D","05/29/2022","11:30:38","Other","Other",4,"No"
"D","05/29/2022","11:30:38","Landfill Gas","Renewables",35,"No"
"D","05/29/2022","11:30:38","Refuse","Renewables",382,"No"
"D","05/29/2022","11:30:38","Solar","Renewables",460,"No"
"D","05/29/2022","11:30:38","Wind","Renewables",317,"No"
"D","05/29/2022","11:30:38","Wood","Renewables",172,"No"
"D","05/29/2022","11:35:59","Hydro","Hydro",593,"No"
"D","05/29/2022","11:35:59","Natural Gas","Natural Gas",4154,"Yes"
"D","05/29/2022","11:35:59","Nuclear","Nuclear",2118,"No"
"D","05/29/2022","11:35:59","Landfill Gas","Renewables",35,"No"
"D","05/29/2022","11:35:59","Refuse","Renewables",383,"No"
"D","05/29/2022","11:35:59","Solar","Renewables",475,"No"
"D","05/29/2022","11:35:59","Wind","Renewables",352,"No"
"D","05/29/2022","11:35:59","Wood","Renewables",173,"No"
"D","05/29/2022","11:43:40","Hydro","Hydro",593,"No"
"D","05/29/2022","11:43:40","Natural Gas","Natural Gas",3945,"Yes"
"D","05/29/2022","11:43:40","Nuclear","Nuclear",2118,"No"
"D","05/29/2022","11:43:40","Other","Other",3,"No"
"D","05/29/2022","11:43:40","Landfill Gas","Renewables",35,"No"
"D","05/29/2022","11:43:40","Refuse","Renewables",376,"No"
"D","05/29/2022","11:43:40","Solar","Renewables",456,"No"
"D","05/29/2022","11:43:40","Wind","Renewables",331,"No"
"D","05/29/2022","11:43:40","Wood","Renewables",173,"No"
"D","05/29/2022","11:53:22","Hydro","Hydro",589,"No"
"D","05/29/2022","11:53:22","Natural Gas","Natural Gas",4100,"Yes"
"D","05/29/2022","11:53:22","Nuclear","Nuclear",2118,"No"
"D","05/29/2022","11:53:22","Landfill Gas","Renewables",35,"No"
"D","05/29/2022","11:53:22","Refuse","Renewables",375,"No"
"D","05/29/2022","11:53:22","Solar","Renewables",466,"No"
"D","05/29/2022","11:53:22","Wind","Renewables",346,"No"
"D","05/29/2022","11:53:22","Wood","Renewables",174,"No"
"D","05/29/2022","11:56:48","Hydro","Hydro",591,"No"
"D","05/29/2022","11:56:48","Natural Gas","Natural Gas",4154,"Yes"
"D","05/29/2022","11:56:48","Nuclear","Nuclear",2116,"No"
"D","05/29/2022","11:56:48","Landfill Gas","Renewables",35,"No"
"D","05/29/2022","11:56:48","Refuse","Renewables",371,"No"
"D","05/29/2022","11:56:48","Solar","Renewables",477,"No"
"D","05/29/2022","11:56:48","Wind","Renewables",345,"No"
"D","05/29/2022","11:56:48","Wood","Renewables",173,"No"
"D","05/29/2022","12:06:00","Hydro","Hydro",584,"No"
"D","05/29/2022","12:06:00","Natural Gas","Natural Gas",4184,"Yes"
"D","05/29/2022","12:06:00","Nuclear","Nuclear",2116,"No"
"D","05/29/2022","12:06:00","Other","Other",14,"No"
"D","05/29/2022","12:06:00","Landfill Gas","Renewables",35,"No"
"D","05/29/2022","12:06:00","Refuse","Renewables",377,"No"
"D","05/29/2022","12:06:00","Solar","Renewables",450,"No"
"D","05/29/2022","12:06:00","Wind","Renewables",347,"No"
"D","05/29/2022","12:06:00","Wood","Renewables",172,"No"
"D","05/29/2022","12:18:42","Hydro","Hydro",583,"No"
"D","05/29/2022","12:18:42","Natural Gas","Natural Gas",4376,"Yes"
"D","05/29/2022","12:18:42","Nuclear","Nuclear",2118,"No"
"D","05/29/2022","12:18:42","Landfill Gas","Renewables",35,"No"
"D","05/29/2022","12:18:42","Refuse","Renewables",369,"No"
"D","05/29/2022","12:18:42","Solar","Renewables",443,"No"
"D","05/29/2022","12:18:42","Wind","Renewables",368,"No"
"D","05/29/2022","12:18:42","Wood","Renewables",172,"No"
"D","05/29/2022","12:24:56","Hydro","Hydro",583,"No"
"D","05/29/2022","12:24:56","Natural Gas","Natural Gas",4342,"Yes"
"D","05/29/2022","12:24:56","Nuclear","Nuclear",2118,"No"
"D","05/29/2022","12:24:56","Other","Other",1,"No"
"D","05/29/2022","12:24:56","Landfill Gas","Renewables",35,"No"
"D","05/29/2022","12:24:56","Refuse","Renewables",372,"No"
"D","05/29/2022","12:24:56","Solar","Renewables",443,"No"
"D","05/29/2022","12:24:56","Wind","Renewables",352,"No"
"D","05/29/2022","12:24:56","Wood","Renewables",172,"No"
"D","05/29/2022","12:38:22","Hydro","Hydro",585,"No"
"D","05/29/2022","12:38:22","Natural Gas","Natural Gas",4254,"Yes"
"D","05/29/2022","12:38:22","Nuclear","Nuclear",2118,"No"
"D","05/29/2022","12:38:22","Other","Other",0,"No"
"D","05/29/2022","12:38:22","Landfill Gas","Renewables",35,"No"
"D","05/29/2022","12:38:22","Refuse","Renewables",369,"No"
"D","05/29/2022","12:38:22","Solar","Renewables",453,"No"
"D","05/29/2022","12:38:22","Wind","Renewables",321,"No"
"D","05/29/2022","12:38:22","Wood","Renewables",171,"No"
"D","05/29/2022","12:46:47","Hydro","Hydro",581,"No"
"D","05/29/2022","12:46:47","Natural Gas","Natural Gas",4292,"Yes"
"D","05/29/2022","12:46:47","Nuclear","Nuclear",2116,"No"
"D","05/29/2022","12:46:47","Landfill Gas","Renewables",35,"No"
"D","05/29/2022","12:46:47","Refuse","Renewables",370,"No"
"D","05/29/2022","12:46:47","Solar","Renewables",422,"No"
"D","05/29/2022","12:46:47","Wind","Renewables",332,"No"
"D","05/29/2022","12:46:47","Wood","Renewables",174,"No"
"D","05/29/2022","12:54:19","Hydro","Hydro",580,"No"
"D","05/29/2022","12:54:19","Natural Gas","Natural Gas",4365,"Yes"
"D","05/29/2022","12:54:19","Nuclear","Nuclear",2117,"No"
"D","05/29/2022","12:54:19","Landfill Gas","Renewables",35,"No"
"D","05/29/2022","12:54:19","Refuse","Renewables",370,"No"
"D","05/29/2022","12:54:19","Solar","Renewables",440,"No"
"D","05/29/2022","12:54:19","Wind","Renewables",345,"No"
"D","05/29/2022","12:54:19","Wood","Renewables",173,"No"
"D","05/29/2022","13:02:06","Hydro","Hydro",582,"No"
"D","05/29/2022","13:02:06","Natural Gas","Natural Gas",4293,"Yes"
"D","05/29/2022","13:02:06","Nuclear","Nuclear",2114,"No"
"D","05/29/2022","13:02:06","Landfill Gas","Renewables",35,"No"
"D","05/29/2022","13:02:06","Refuse","Renewables",373,"No"
"D","05/29/2022","13:02:06","Solar","Renewables",457,"No"
"D","05/29/2022","13:02:06","Wind","Renewables",367,"No"
"D","05/29/2022","13:02:06","Wood","Renewables",174,"No"
"D","05/29/2022","13:07:26","Hydro","Hydro",531,"No"
"D","05/29/2022","13:07:26","Natural Gas","Natural Gas",4218,"Yes"
"D","05/29/2022","13:07:26","Nuclear","Nuclear",2116,"No"
"D","05/29/2022","13:07:26","Other","Other",6,"No"
"D","05/29/2022","13:07:26","Landfill Gas","Renewables",35,"No"
"D","05/29/2022","13:07:26","Refuse","Renewables",367,"No"
"D","05/29/2022","13:07:26","Solar","Renewables",468,"No"
"D","05/29/2022","13:07:26","Wind","Renewables",326,"No"
"D","05/29/2022","13:07:26","Wood","Renewables",173,"No"
"D","05/29/2022","13:19:11","Hydro","Hydro",530,"No"
"D","05/29/2022","13:19:11","Natural Gas","Natural Gas",4358,"Yes"
"D","05/29/2022","13:19:11","Nuclear","Nuclear",2118,"No"
"D","05/29/2022","13:19:11","Landfill Gas","Renewables",35,"No"
"D","05/29/2022","13:19:11","Refuse","Renewables",369,"No"
"D","05/29/2022","13:19:11","Solar","Renewables",442,"No"
"D","05/29/2022","13:19:11","Wind","Renewables",368,"No"
"D","05/29/2022","13:19:11","Wood","Renewables",173,"No"
"D","05/29/2022","13:25:59","Hydro","Hydro",533,"No"
"D","05/29/2022","13:25:59","Natural Gas","Natural Gas",4275,"Yes"
"D","05/29/2022","13:25:59","Nuclear","Nuclear",2116,"No"
"D","05/29/2022","13:25:59","Other","Other",9,"No"
"D","05/29/2022","13:25:59","Landfill Gas","Renewables",35,"No"
"D","05/29/2022","13:25:59","Refuse","Renewables",366,"No"
"D","05/29/2022","13:25:59","Solar","Renewables",427,"No"
"D","05/29/2022","13:25:59","Wind","Renewables",351,"No"
"D","05/29/2022","13:25:59","Wood","Renewables",175,"No"
"D","05/29/2022","13:36:25","Hydro","Hydro",529,"No"
"D","05/29/2022","13:36:25","Natural Gas","Natural Gas",4423,"Yes"
"D","05/29/2022","13:36:25","Nuclear","Nuclear",2116,"No"
"D","05/29/2022","13:36:25","Landfill Gas","Renewables",35,"No"
"D","05/29/2022","13:36:25","Refuse","Renewables",364,"No"
"D","05/29/2022","13:36:25","Solar","Renewables",426,"No"
"D","05/29/2022","13:36:25","Wind","Renewables",346,"No"
"D","05/29/2022","13:36:25","Wood","Renewables",176,"No"
"D","05/29/2022","13:43:25","Hydro","Hydro",533,"No"
"D","05/29/2022","13:43:25","Natural Gas","Natural Gas",4474,"Yes"
"D","05/29/2022","13:43:25","Nuclear","Nuclear",2118,"No"
"D","05/29/2022","13:43:25","Landfill Gas","Renewables",35,"No"
"D","05/29/2022","13:43:25","Refuse","Renewables",367,"No"
"D","05/29/2022","13:43:25","Solar","Renewables",431,"No"
"D","05/29/2022","13:43:25","Wind","Renewables",382,"No"
"D","05/29/2022","13:43:25","Wood","Renewables",176,"No"
"D","05/29/2022","13:53:21","Hydro","Hydro",529,"No"
"D","05/29/2022","13:53:21","Natural Gas","Natural Gas",4547,"Yes"
"D","05/29/2022","13:53:21","Nuclear","Nuclear",2118,"No"
"D","05/29/2022","13:53:21","Other","Other",0,"No"
"D","05/29/2022","13:53:21","Landfill Gas","Renewables",35,"No"
"D","05/29/2022","13:53:21","Refuse","Renewables",358,"No"
"D","05/29/2022","13:53:21","Solar","Renewables",392,"No"
"D","05/29/2022","13:53:21","Wind","Renewables",359,"No"
"D","05/29/2022","13:53:21","Wood","Renewables",174,"No"
"D","05/29/2022","13:58:41","Hydro","Hydro",529,"No"
"D","05/29/2022","13:58:41","Natural Gas","Natural Gas",4597,"Yes"
"D","05/29/2022","13:58:41","Nuclear","Nuclear",2116,"No"
"D","05/29/2022","13:58:41","Landfill Gas","Renewables",35,"No"
"D","05/29/2022","13:58:41","Refuse","Renewables",355,"No"
"D","05/29/2022","13:58:41","Solar","Renewables",449,"No"
"D","05/29/2022","13:58:41","Wind","Renewables",353,"No"
"D","05/29/2022","13:58:41","Wood","Renewables",175,"No"
"D","05/29/2022","14:09:17","Hydro","Hydro",520,"No"
"D","05/29/2022","14:09:17","Natural Gas","Natural Gas",4559,"Yes"
"D","05/29/2022","14:09:17","Nuclear","Nuclear",2116,"No"
"D","05/29/2022","14:09:17","Other","Other",13,"No"
"D","05/29/2022","14:09:17","Landfill Gas","Renewables",35,"No"
"D","05/29/2022","14:09:17","Refuse","Renewables",363,"No"
"D","05/29/2022","14:09:17","Solar","Renewables",418,"No"
"D","05/29/2022","14:09:17","Wind","Renewables",319,"No"
"D","05/29/2022","14:09:17","Wood","Renewables",176,"No"
"D","05/29/2022","14:19:01","Hydro","Hydro",522,"No"
"D","05/29/2022","14:19:01","Natural Gas","Natural Gas",4656,"Yes"
"D","05/29/2022","14:19:01","Nuclear","Nuclear",2116,"No"
"D","05/29/2022","14:19:01","Other","Other",1,"No"
"D","05/29/2022","14:19:01","Landfill Gas","Renewables",35,"No"
"D","05/29/2022","14:19:01","Refuse","Renewables",365,"No"
"D","05/29/2022","14:19:01","Solar","Renewables",431,"No"
"D","05/29/2022","14:19:01","Wind","Renewables",326,"No"
"D","05/29/2022","14:19:01","Wood","Renewables",177,"No"
"D","05/29/2022","14:27:03","Hydro","Hydro",521,"No"
"D","05/29/2022","14:27:03","Natural Gas","Natural Gas",4785,"Yes"
"D","05/29/2022","14:27:03","Nuclear","Nuclear",2117,"No"
"D","05/29/2022","14:27:03","Landfill Gas","Renewables",35,"No"
"D","05/29/2022","14:27:03","Refuse","Renewables",353,"No"
"D","05/29/2022","14:27:03","Solar","Renewables",435,"No"
"D","05/29/2022","14:27:03","Wind","Renewables",319,"No"
"D","05/29/2022","14:27:03","Wood","Renewables",175,"No"
"D","05/29/2022","14:35:54","Hydro","Hydro",527,"No"
"D","05/29/2022","14:35:54","Natural Gas","Natural Gas",4879,"Yes"
"D","05/29/2022","14:35:54","Nuclear","Nuclear",2117,"No"
"D","05/29/2022","14:35:54","Landfill Gas","Renewables",35,"No"
"D","05/29/2022","14:35:54","Refuse","Renewables",358,"No"
"D","05/29/2022","14:35:54","Solar","Renewables",454,"No"
"D","05/29/2022","14:35:54","Wind","Renewables",317,"No"
"D","05/29/2022","14:35:54","Wood","Renewables",175,"No"
"D","05/29/2022","14:39:32","Hydro","Hydro",533,"No"
"D","05/29/2022","14:39:32","Natural Gas","Natural Gas",4924,"Yes"
"D","05/29/2022","14:39:32","Nuclear","Nuclear",2117,"No"
"D","05/29/2022","14:39:32","Landfill Gas","Renewables",35,"No"
"D","05/29/2022","14:39:32","Refuse","Renewables",359,"No"
"D","05/29/2022","14:39:32","Solar","Renewables",446,"No"
"D","05/29/2022","14:39:32","Wind","Renewables",333,"No"
"D","05/29/2022","14:39:32","Wood","Renewables",175,"No"
"D","05/29/2022","14:48:37","Hydro","Hydro",534,"No"
"D","05/29/2022","14:48:37","Natural Gas","Natural Gas",4931,"Yes"
"D","05/29/2022","14:48:37","Nuclear","Nuclear",2118,"No"
"D","05/29/2022","14:48:37","Other","Other",0,"No"
"D","05/29/2022","14:48:37","Landfill Gas","Renewables",35,"No"
"D","05/29/2022","14:48:37","Refuse","Renewables",362,"No"
"D","05/29/2022","14:48:37","Solar","Renewables",410,"No"
"D","05/29/2022","14:48:37","Wind","Renewables",329,"No"
"D","05/29/2022","14:48:37","Wood","Renewables",174,"No"
"D","05/29/2022","14:52:40","Hydro","Hydro",534,"No"
"D","05/29/2022","14:52:40","Natural Gas","Natural Gas",4992,"Yes"
"D","05/29/2022","14:52:40","Nuclear","Nuclear",2117,"No"
"D","05/29/2022","14:52:40","Other","Other",1,"No"
"D","05/29/2022","14:52:40","Landfill Gas","Renewables",35,"No"
"D","05/29/2022","14:52:40","Refuse","Renewables",366,"No"
"D","05/29/2022","14:52:40","Solar","Renewables",384,"No"
"D","05/29/2022","14:52:40","Wind","Renewables",309,"No"
"D","05/29/2022","14:52:40","Wood","Renewables",174,"No"
"D","05/29/2022","14:58:14","Hydro","Hydro",532,"No"
"D","05/29/2022","14:58:14","Natural Gas","Natural Gas",5101,"Yes"
"D","05/29/2022","14:58:14","Nuclear","Nuclear",2114,"No"
"D","05/29/2022","14:58:14","Landfill Gas","Renewables",35,"No"
"D","05/29/2022","14:58:14","Refuse","Renewables",363,"No"
"D","05/29/2022","14:58:14","Solar","Renewables",386,"No"
"D","05/29/2022","14:58:14","Wind","Renewables",318,"No"
"D","05/29/2022","14:58:14","Wood","Renewables",170,"No"
"D","05/29/2022","15:05:56","Hydro","Hydro",534,"No"
"D","05/29/2022","15:05:56","Natural Gas","Natural Gas",5045,"Yes"
"D","05/29/2022","15:05:56","Nuclear","Nuclear",2116,"No"
"D","05/29/2022","15:05:56","Landfill Gas","Renewables",35,"No"
"D","05/29/2022","15:05:56","Refuse","Renewables",360,"No"
"D","05/29/2022","15:05:56","Solar","Renewables",425,"No"
"D","05/29/2022","15:05:56","Wind","Renewables",313,"No"
"D","05/29/2022","15:05:56","Wood","Renewables",172,"No"
"D","05/29/2022","15:13:10","Hydro","Hydro",534,"No"
"D","05/29/2022","15:13:10","Natural Gas","Natural Gas",4953,"Yes"
"D","05/29/2022","15:13:10","Nuclear","Nuclear",2116,"No"
"D","05/29/2022","15:13:10","Other","Other",31,"No"
"D","05/29/2022","15:13:10","Landfill Gas","Renewables",35,"No"
"D","05/29/2022","15:13:10","Refuse","Renewables",362,"No"
"D","05/29/2022","15:13:10","Solar","Renewables",428,"No"
"D","05/29/2022","15:13:10","Wind","Renewables",325,"No"
"D","05/29/2022","15:13:10","Wood","Renewables",172,"No"
"D","05/29/2022","15:22:06","Hydro","Hydro",535,"No"
"D","05/29/2022","15:22:06","Natural Gas","Natural Gas",5240,"Yes"
"D","05/29/2022","15:22:06","Nuclear","Nuclear",2117,"No"
"D","05/29/2022","15:22:06","Other","Other",5,"No"
"D","05/29/2022","15:22:06","Landfill Gas","Renewables",35,"No"
"D","05/29/2022","15:22:06","Refuse","Renewables",355,"No"
"D","05/29/2022","15:22:06","Solar","Renewables",382,"No"
"D","05/29/2022","15:22:06","Wind","Renewables",310,"No"
"D","05/29/2022","15:22:06","Wood","Renewables",175,"No"
"D","05/29/2022","15:26:06","Coal","Coal",2,"No"
"D","05/29/2022","15:26:06","Hydro","Hydro",536,"No"
"D","05/29/2022","15:26:06","Natural Gas","Natural Gas",5301,"Yes"
"D","05/29/2022","15:26:06","Nuclear","Nuclear",2116,"No"
"D","05/29/2022","15:26:06","Landfill Gas","Renewables",35,"No"
"D","05/29/2022","15:26:06","Refuse","Renewables",351,"No"
"D","05/29/2022","15:26:06","Solar","Renewables",384,"No"
"D","05/29/2022","15:26:06","Wind","Renewables",318,"No"
"D","05/29/2022","15:26:06","Wood","Renewables",171,"No"
"D","05/29/2022","15:31:55","Hydro","Hydro",535,"No"
"D","05/29/2022","15:31:55","Natural Gas","Natural Gas",5262,"Yes"
"D","05/29/2022","15:31:55","Nuclear","Nuclear",2117,"No"
"D","05/29/2022","15:31:55","Other","Other",3,"No"
"D","05/29/2022","15:31:55","Landfill Gas","Renewables",35,"No"
"D","05/29/2022","15:31:55","Refuse","Renewables",370,"No"
"D","05/29/2022","15:31:55","Solar","Renewables",379,"No"
"D","05/29/2022","15:31:55","Wind","Renewables",292,"No"
"D","05/29/2022","15:31:55","Wood","Renewables",172,"No"
"D","05/29/2022","15:39:02","Hydro","Hydro",537,"No"
"D","05/29/2022","15:39:02","Natural Gas","Natural Gas",5487,"Yes"
"D","05/29/2022","15:39:02","Nuclear","Nuclear",2117,"No"
"D","05/29/2022","15:39:02","Landfill Gas","Renewables",35,"No"
"D","05/29/2022","15:39:02","Refuse","Renewables",357,"No"
"D","05/29/2022","15:39:02","Solar","Renewables",370,"No"
"D","05/29/2022","15:39:02","Wind","Renewables",311,"No"
"D","05/29/2022","15:39:02","Wood","Renewables",173,"No"
"D","05/29/2022","15:48:18","Hydro","Hydro",537,"No"
"D","05/29/2022","15:48:18","Natural Gas","Natural Gas",5466,"Yes"
"D","05/29/2022","15:48:18","Nuclear","Nuclear",2117,"No"
"D","05/29/2022","15:48:18","Other","Other",4,"No"
"D","05/29/2022","15:48:18","Landfill Gas","Renewables",35,"No"
"D","05/29/2022","15:48:18","Refuse","Renewables",361,"No"
"D","05/29/2022","15:48:18","Solar","Renewables",342,"No"
"D","05/29/2022","15:48:18","Wind","Renewables",327,"No"
"D","05/29/2022","15:48:18","Wood","Renewables",172,"No"
"D","05/29/2022","15:53:38","Hydro","Hydro",541,"No"
"D","05/29/2022","15:53:38","Natural Gas","Natural Gas",5491,"Yes"
"D","05/29/2022","15:53:38","Nuclear","Nuclear",2116,"No"
"D","05/29/2022","15:53:38","Other","Other",1,"No"
"D","05/29/2022","15:53:38","Landfill Gas","Renewables",35,"No"
"D","05/29/2022","15:53:38","Refuse","Renewables",359,"No"
"D","05/29/2022","15:53:38","Solar","Renewables",342,"No"
"D","05/29/2022","15:53:38","Wind","Renewables",323,"No"
"D","05/29/2022","15:53:38","Wood","Renewables",174,"No"
"D","05/29/2022","15:59:12","Hydro","Hydro",542,"No"
"D","05/29/2022","15:59:12","Natural Gas","Natural Gas",5517,"Yes"
"D","05/29/2022","15:59:12","Nuclear","Nuclear",2114,"No"
"D","05/29/2022","15:59:12","Other","Other",1,"No"
"D","05/29/2022","15:59:12","Landfill Gas","Renewables",35,"No"
"D","05/29/2022","15:59:12","Refuse","Renewables",363,"No"
"D","05/29/2022","15:59:12","Solar","Renewables",312,"No"
"D","05/29/2022","15:59:12","Wind","Renewables",332,"No"
"D","05/29/2022","15:59:12","Wood","Renewables",172,"No"
"D","05/29/2022","16:06:16","Hydro","Hydro",544,"No"
"D","05/29/2022","16:06:16","Natural Gas","Natural Gas",5612,"Yes"
"D","05/29/2022","16:06:16","Nuclear","Nuclear",2116,"No"
"D","05/29/2022","16:06:16","Other","Other",1,"No"
"D","05/29/2022","16:06:16","Landfill Gas","Renewables",35,"No"
"D","05/29/2022","16:06:16","Refuse","Renewables",363,"No"
"D","05/29/2022","16:06:16","Solar","Renewables",330,"No"
"D","05/29/2022","16:06:16","Wind","Renewables",343,"No"
"D","05/29/2022","16:06:16","Wood","Renewables",171,"No"
"D","05/29/2022","16:20:40","Hydro","Hydro",547,"No"
"D","05/29/2022","16:20:40","Natural Gas","Natural Gas",5847,"Yes"
"D","05/29/2022","16:20:40","Nuclear","Nuclear",2119,"No"
"D","05/29/2022","16:20:40","Other","Other",4,"No"
"D","05/29/2022","16:20:40","Landfill Gas","Renewables",35,"No"
"D","05/29/2022","16:20:40","Refuse","Renewables",368,"No"
"D","05/29/2022","16:20:40","Solar","Renewables",336,"No"
"D","05/29/2022","16:20:40","Wind","Renewables",334,"No"
"D","05/29/2022","16:20:40","Wood","Renewables",174,"No"
"D","05/29/2022","16:30:30","Hydro","Hydro",560,"No"
"D","05/29/2022","16:30:30","Natural Gas","Natural Gas",5980,"Yes"
"D","05/29/2022","16:30:30","Nuclear","Nuclear",2118,"No"
"D","05/29/2022","16:30:30","Other","Other",2,"No"
"D","05/29/2022","16:30:30","Landfill Gas","Renewables",35,"No"
"D","05/29/2022","16:30:30","Refuse","Renewables",358,"No"
"D","05/29/2022","16:30:30","Solar","Renewables",334,"No"
"D","05/29/2022","16:30:30","Wind","Renewables",340,"No"
"D","05/29/2022","16:30:30","Wood","Renewables",174,"No"
"D","05/29/2022","16:35:13","Hydro","Hydro",561,"No"
"D","05/29/2022","16:35:13","Natural Gas","Natural Gas",6047,"Yes"
"D","05/29/2022","16:35:13","Nuclear","Nuclear",2116,"No"
"D","05/29/2022","16:35:13","Other","Other",14,"No"
"D","05/29/2022","16:35:13","Landfill Gas","Renewables",35,"No"
"D","05/29/2022","16:35:13","Refuse","Renewables",366,"No"
"D","05/29/2022","16:35:13","Solar","Renewables",336,"No"
"D","05/29/2022","16:35:13","Wind","Renewables",304,"No"
"D","05/29/2022","16:35:13","Wood","Renewables",173,"No"
"D","05/29/2022","16:42:13","Hydro","Hydro",561,"No"
"D","05/29/2022","16:42:13","Natural Gas","Natural Gas",6226,"Yes"
"D","05/29/2022","16:42:13","Nuclear","Nuclear",2116,"No"
"D","05/29/2022","16:42:13","Other","Other",1,"No"
"D","05/29/2022","16:42:13","Landfill Gas","Renewables",35,"No"
"D","05/29/2022","16:42:13","Refuse","Renewables",368,"No"
"D","05/29/2022","16:42:13","Solar","Renewables",330,"No"
"D","05/29/2022","16:42:13","Wind","Renewables",290,"No"
"D","05/29/2022","16:42:13","Wood","Renewables",174,"No"
"D","05/29/2022","16:54:18","Hydro","Hydro",562,"No"
"D","05/29/2022","16:54:18","Natural Gas","Natural Gas",6469,"Yes"
"D","05/29/2022","16:54:18","Nuclear","Nuclear",2117,"No"
"D","05/29/2022","16:54:18","Other","Other",1,"No"
"D","05/29/2022","16:54:18","Landfill Gas","Renewables",35,"No"
"D","05/29/2022","16:54:18","Refuse","Renewables",372,"No"
"D","05/29/2022","16:54:18","Solar","Renewables",280,"No"
"D","05/29/2022","16:54:18","Wind","Renewables",313,"No"
"D","05/29/2022","16:54:18","Wood","Renewables",173,"No"
"D","05/29/2022","17:00:59","Hydro","Hydro",639,"No"
"D","05/29/2022","17:00:59","Natural Gas","Natural Gas",6648,"Yes"
"D","05/29/2022","17:00:59","Nuclear","Nuclear",2116,"No"
"D","05/29/2022","17:00:59","Other","Other",0,"No"
"D","05/29/2022","17:00:59","Landfill Gas","Renewables",35,"No"
"D","05/29/2022","17:00:59","Refuse","Renewables",364,"No"
"D","05/29/2022","17:00:59","Solar","Renewables",274,"No"
"D","05/29/2022","17:00:59","Wind","Renewables",300,"No"
"D","05/29/2022","17:00:59","Wood","Renewables",173,"No"
"D","05/29/2022","17:07:13","Hydro","Hydro",669,"No"
"D","05/29/2022","17:07:13","Natural Gas","Natural Gas",6625,"Yes"
"D","05/29/2022","17:07:13","Nuclear","Nuclear",2116,"No"
"D","05/29/2022","17:07:13","Other","Other",45,"No"
"D","05/29/2022","17:07:13","Landfill Gas","Renewables",35,"No"
"D","05/29/2022","17:07:13","Refuse","Renewables",362,"No"
"D","05/29/2022","17:07:13","Solar","Renewables",248,"No"
"D","05/29/2022","17:07:13","Wind","Renewables",312,"No"
"D","05/29/2022","17:07:13","Wood","Renewables",172,"No"
"D","05/29/2022","17:17:50","Hydro","Hydro",669,"No"
"D","05/29/2022","17:17:50","Natural Gas","Natural Gas",6979,"Yes"
"D","05/29/2022","17:17:50","Nuclear","Nuclear",2116,"No"
"D","05/29/2022","17:17:50","Other","Other",1,"No"
"D","05/29/2022","17:17:50","Landfill Gas","Renewables",35,"No"
"D","05/29/2022","17:17:50","Refuse","Renewables",357,"No"
"D","05/29/2022","17:17:50","Solar","Renewables",250,"No"
"D","05/29/2022","17:17:50","Wind","Renewables",296,"No"
"D","05/29/2022","17:17:50","Wood","Renewables",172,"No"
"D","05/29/2022","17:26:53","Hydro","Hydro",668,"No"
"D","05/29/2022","17:26:53","Natural Gas","Natural Gas",7107,"Yes"
"D","05/29/2022","17:26:53","Nuclear","Nuclear",2116,"No"
"D","05/29/2022","17:26:53","Other","Other",1,"No"
"D","05/29/2022","17:26:53","Landfill Gas","Renewables",35,"No"
"D","05/29/2022","17:26:53","Refuse","Renewables",359,"No"
"D","05/29/2022","17:26:53","Solar","Renewables",224,"No"
"D","05/29/2022","17:26:53","Wind","Renewables",296,"No"
"D","05/29/2022","17:26:53","Wood","Renewables",174,"No"
"D","05/29/2022","17:31:07","Hydro","Hydro",669,"No"
"D","05/29/2022","17:31:07","Natural Gas","Natural Gas",7151,"Yes"
"D","05/29/2022","17:31:07","Nuclear","Nuclear",2117,"No"
"D","05/29/2022","17:31:07","Other","Other",15,"No"
"D","05/29/2022","17:31:07","Landfill Gas","Renewables",35,"No"
"D","05/29/2022","17:31:07","Refuse","Renewables",363,"No"
"D","05/29/2022","17:31:07","Solar","Renewables",235,"No"
"D","05/29/2022","17:31:07","Wind","Renewables",294,"No"
"D","05/29/2022","17:31:07","Wood","Renewables",173,"No"
"D","05/29/2022","17:38:41","Hydro","Hydro",671,"No"
"D","05/29/2022","17:38:41","Natural Gas","Natural Gas",7357,"Yes"
"D","05/29/2022","17:38:41","Nuclear","Nuclear",2116,"No"
"D","05/29/2022","17:38:41","Other","Other",1,"No"
"D","05/29/2022","17:38:41","Landfill Gas","Renewables",35,"No"
"D","05/29/2022","17:38:41","Refuse","Renewables",362,"No"
"D","05/29/2022","17:38:41","Solar","Renewables",211,"No"
"D","05/29/2022","17:38:41","Wind","Renewables",323,"No"
"D","05/29/2022","17:38:41","Wood","Renewables",173,"No"
"D","05/29/2022","17:44:24","Hydro","Hydro",674,"No"
"D","05/29/2022","17:44:24","Natural Gas","Natural Gas",7346,"Yes"
"D","05/29/2022","17:44:24","Nuclear","Nuclear",2118,"No"
"D","05/29/2022","17:44:24","Other","Other",4,"No"
"D","05/29/2022","17:44:24","Landfill Gas","Renewables",35,"No"
"D","05/29/2022","17:44:24","Refuse","Renewables",371,"No"
"D","05/29/2022","17:44:24","Solar","Renewables",194,"No"
"D","05/29/2022","17:44:24","Wind","Renewables",336,"No"
"D","05/29/2022","17:44:24","Wood","Renewables",174,"No"
"D","05/29/2022","17:49:16","Hydro","Hydro",890,"No"
"D","05/29/2022","17:49:16","Natural Gas","Natural Gas",7460,"Yes"
"D","05/29/2022","17:49:16","Nuclear","Nuclear",2118,"No"
"D","05/29/2022","17:49:16","Other","Other",0,"No"
"D","05/29/2022","17:49:16","Landfill Gas","Renewables",35,"No"
"D","05/29/2022","17:49:16","Refuse","Renewables",366,"No"
"D","05/29/2022","17:49:16","Solar","Renewables",171,"No"
"D","05/29/2022","17:49:16","Wind","Renewables",321,"No"
"D","05/29/2022","17:49:16","Wood","Renewables",174,"No"
"D","05/29/2022","17:56:38","Hydro","Hydro",1034,"No"
"D","05/29/2022","17:56:38","Natural Gas","Natural Gas",7293,"Yes"
"D","05/29/2022","17:56:38","Nuclear","Nuclear",2116,"No"
"D","05/29/2022","17:56:38","Other","Other",26,"No"
"D","05/29/2022","17:56:38","Landfill Gas","Renewables",35,"No"
"D","05/29/2022","17:56:38","Refuse","Renewables",364,"No"
"D","05/29/2022","17:56:38","Solar","Renewables",150,"No"
"D","05/29/2022","17:56:38","Wind","Renewables",347,"No"
"D","05/29/2022","17:56:38","Wood","Renewables",175,"No"
"D","05/29/2022","18:05:36","Hydro","Hydro",1026,"No"
"D","05/29/2022","18:05:36","Natural Gas","Natural Gas",7297,"Yes"
"D","05/29/2022","18:05:36","Nuclear","Nuclear",2116,"No"
"D","05/29/2022","18:05:36","Other","Other",5,"No"
"D","05/29/2022","18:05:36","Landfill Gas","Renewables",35,"No"
"D","05/29/2022","18:05:36","Refuse","Renewables",358,"No"
"D","05/29/2022","18:05:36","Solar","Renewables",132,"No"
"D","05/29/2022","18:05:36","Wind","Renewables",350,"No"
"D","05/29/2022","18:05:36","Wood","Renewables",175,"No"
"D","05/29/2022","18:11:11","Hydro","Hydro",1025,"No"
"D","05/29/2022","18:11:11","Natural Gas","Natural Gas",7324,"Yes"
"D","05/29/2022","18:11:11","Nuclear","Nuclear",2118,"No"
"D","05/29/2022","18:11:11","Other","Other",5,"No"
"D","05/29/2022","18:11:11","Landfill Gas","Renewables",35,"No"
"D","05/29/2022","18:11:11","Refuse","Renewables",364,"No"
"D","05/29/2022","18:11:11","Solar","Renewables",117,"No"
"D","05/29/2022","18:11:11","Wind","Renewables",352,"No"
"D","05/29/2022","18:11:11","Wood","Renewables",174,"No"
"D","05/29/2022","18:20:15","Hydro","Hydro",1027,"No"
"D","05/29/2022","18:20:15","Natural Gas","Natural Gas",7401,"Yes"
"D","05/29/2022","18:20:15","Nuclear","Nuclear",2114,"No"
"D","05/29/2022","18:20:15","Other","Other",5,"No"
"D","05/29/2022","18:20:15","Landfill Gas","Renewables",35,"No"
"D","05/29/2022","18:20:15","Refuse","Renewables",362,"No"
"D","05/29/2022","18:20:15","Solar","Renewables",103,"No"
"D","05/29/2022","18:20:15","Wind","Renewables",330,"No"
"D","05/29/2022","18:20:15","Wood","Renewables",176,"No"
"D","05/29/2022","18:20:35","Hydro","Hydro",1027,"No"
"D","05/29/2022","18:20:35","Natural Gas","Natural Gas",7401,"Yes"
"D","05/29/2022","18:20:35","Nuclear","Nuclear",2114,"No"
"D","05/29/2022","18:20:35","Other","Other",5,"No"
"D","05/29/2022","18:20:35","Landfill Gas","Renewables",35,"No"
"D","05/29/2022","18:20:35","Refuse","Renewables",362,"No"
"D","05/29/2022","18:20:35","Solar","Renewables",103,"No"
"D","05/29/2022","18:20:35","Wind","Renewables",330,"No"
"D","05/29/2022","18:20:35","Wood","Renewables",176,"No"
"D","05/29/2022","18:22:27","Hydro","Hydro",1030,"No"
"D","05/29/2022","18:22:27","Natural Gas","Natural Gas",7406,"Yes"
"D","05/29/2022","18:22:27","Nuclear","Nuclear",2118,"No"
"D","05/29/2022","18:22:27","Other","Other",17,"No"
"D","05/29/2022","18:22:27","Landfill Gas","Renewables",35,"No"
"D","05/29/2022","18:22:27","Refuse","Renewables",364,"No"
"D","05/29/2022","18:22:27","Solar","Renewables",100,"No"
"D","05/29/2022","18:22:27","Wind","Renewables",325,"No"
"D","05/29/2022","18:22:27","Wood","Renewables",177,"No"
"D","05/29/2022","18:40:24","Hydro","Hydro",1029,"No"
"D","05/29/2022","18:40:24","Natural Gas","Natural Gas",7706,"Yes"
"D","05/29/2022","18:40:24","Nuclear","Nuclear",2114,"No"
"D","05/29/2022","18:40:24","Other","Other",13,"No"
"D","05/29/2022","18:40:24","Landfill Gas","Renewables",35,"No"
"D","05/29/2022","18:40:24","Refuse","Renewables",365,"No"
"D","05/29/2022","18:40:24","Solar","Renewables",60,"No"
"D","05/29/2022","18:40:24","Wind","Renewables",299,"No"
"D","05/29/2022","18:40:24","Wood","Renewables",177,"No"
"D","05/29/2022","18:55:38","Hydro","Hydro",1034,"No"
"D","05/29/2022","18:55:38","Natural Gas","Natural Gas",7847,"Yes"
"D","05/29/2022","18:55:38","Nuclear","Nuclear",2118,"No"
"D","05/29/2022","18:55:38","Other","Other",3,"No"
"D","05/29/2022","18:55:38","Landfill Gas","Renewables",35,"No"
"D","05/29/2022","18:55:38","Refuse","Renewables",370,"No"
"D","05/29/2022","18:55:38","Solar","Renewables",42,"No"
"D","05/29/2022","18:55:38","Wind","Renewables",260,"No"
"D","05/29/2022","18:55:38","Wood","Renewables",177,"No"
"D","05/29/2022","19:08:32","Hydro","Hydro",1031,"No"
"D","05/29/2022","19:08:32","Natural Gas","Natural Gas",7845,"Yes"
"D","05/29/2022","19:08:32","Nuclear","Nuclear",2116,"No"
"D","05/29/2022","19:08:32","Other","Other",11,"No"
"D","05/29/2022","19:08:32","Landfill Gas","Renewables",35,"No"
"D","05/29/2022","19:08:32","Refuse","Renewables",369,"No"
"D","05/29/2022","19:08:32","Solar","Renewables",28,"No"
"D","05/29/2022","19:08:32","Wind","Renewables",265,"No"
"D","05/29/2022","19:08:32","Wood","Renewables",179,"No"
"D","05/29/2022","19:24:53","Coal","Coal",0,"No"
"D","05/29/2022","19:24:53","Hydro","Hydro",1030,"No"
"D","05/29/2022","19:24:53","Natural Gas","Natural Gas",7863,"Yes"
"D","05/29/2022","19:24:53","Nuclear","Nuclear",2116,"No"
"D","05/29/2022","19:24:53","Other","Other",9,"No"
"D","05/29/2022","19:24:53","Landfill Gas","Renewables",35,"No"
"D","05/29/2022","19:24:53","Refuse","Renewables",374,"No"
"D","05/29/2022","19:24:53","Solar","Renewables",17,"No"
"D","05/29/2022","19:24:53","Wind","Renewables",268,"No"
"D","05/29/2022","19:24:53","Wood","Renewables",180,"No"
"D","05/29/2022","19:36:37","Hydro","Hydro",1031,"No"
"D","05/29/2022","19:36:37","Natural Gas","Natural Gas",7757,"Yes"
"D","05/29/2022","19:36:37","Nuclear","Nuclear",2118,"No"
"D","05/29/2022","19:36:37","Other","Other",8,"No"
"D","05/29/2022","19:36:37","Landfill Gas","Renewables",35,"No"
"D","05/29/2022","19:36:37","Refuse","Renewables",374,"No"
"D","05/29/2022","19:36:37","Solar","Renewables",12,"No"
"D","05/29/2022","19:36:37","Wind","Renewables",286,"No"
"D","05/29/2022","19:36:37","Wood","Renewables",180,"No"
"D","05/29/2022","19:46:22","Coal","Coal",1,"No"
"D","05/29/2022","19:46:22","Hydro","Hydro",1032,"No"
"D","05/29/2022","19:46:22","Natural Gas","Natural Gas",7623,"Yes"
"D","05/29/2022","19:46:22","Nuclear","Nuclear",2116,"No"
"D","05/29/2022","19:46:22","Other","Other",8,"No"
"D","05/29/2022","19:46:22","Landfill Gas","Renewables",35,"No"
"D","05/29/2022","19:46:22","Refuse","Renewables",379,"No"
"D","05/29/2022","19:46:22","Solar","Renewables",8,"No"
"D","05/29/2022","19:46:22","Wind","Renewables",327,"No"
"D","05/29/2022","19:46:22","Wood","Renewables",179,"No"
"D","05/29/2022","19:52:03","Hydro","Hydro",1033,"No"
"D","05/29/2022","19:52:03","Natural Gas","Natural Gas",7582,"Yes"
"D","05/29/2022","19:52:03","Nuclear","Nuclear",2117,"No"
"D","05/29/2022","19:52:03","Other","Other",5,"No"
"D","05/29/2022","19:52:03","Landfill Gas","Renewables",35,"No"
"D","05/29/2022","19:52:03","Refuse","Renewables",374,"No"
"D","05/29/2022","19:52:03","Solar","Renewables",7,"No"
"D","05/29/2022","19:52:03","Wind","Renewables",325,"No"
"D","05/29/2022","19:52:03","Wood","Renewables",179,"No"
"D","05/29/2022","19:54:04","Hydro","Hydro",1032,"No"
"D","05/29/2022","19:54:04","Natural Gas","Natural Gas",7596,"Yes"
"D","05/29/2022","19:54:04","Nuclear","Nuclear",2114,"No"
"D","05/29/2022","19:54:04","Other","Other",4,"No"
"D","05/29/2022","19:54:04","Landfill Gas","Renewables",35,"No"
"D","05/29/2022","19:54:04","Refuse","Renewables",379,"No"
"D","05/29/2022","19:54:04","Solar","Renewables",6,"No"
"D","05/29/2022","19:54:04","Wind","Renewables",321,"No"
"D","05/29/2022","19:54:04","Wood","Renewables",180,"No"
"D","05/29/2022","19:55:33","Hydro","Hydro",1029,"No"
"D","05/29/2022","19:55:33","Natural Gas","Natural Gas",7553,"Yes"
"D","05/29/2022","19:55:33","Nuclear","Nuclear",2118,"No"
"D","05/29/2022","19:55:33","Other","Other",5,"No"
"D","05/29/2022","19:55:33","Landfill Gas","Renewables",35,"No"
"D","05/29/2022","19:55:33","Refuse","Renewables",379,"No"
"D","05/29/2022","19:55:33","Solar","Renewables",6,"No"
"D","05/29/2022","19:55:33","Wind","Renewables",330,"No"
"D","05/29/2022","19:55:33","Wood","Renewables",181,"No"
"D","05/29/2022","20:01:44","Hydro","Hydro",1025,"No"
"D","05/29/2022","20:01:44","Natural Gas","Natural Gas",7491,"Yes"
"D","05/29/2022","20:01:44","Nuclear","Nuclear",2116,"No"
"D","05/29/2022","20:01:44","Other","Other",6,"No"
"D","05/29/2022","20:01:44","Landfill Gas","Renewables",35,"No"
"D","05/29/2022","20:01:44","Refuse","Renewables",379,"No"
"D","05/29/2022","20:01:44","Solar","Renewables",3,"No"
"D","05/29/2022","20:01:44","Wind","Renewables",351,"No"
"D","05/29/2022","20:01:44","Wood","Renewables",179,"No"
"D","05/29/2022","20:09:43","Hydro","Hydro",1023,"No"
"D","05/29/2022","20:09:43","Natural Gas","Natural Gas",7445,"Yes"
"D","05/29/2022","20:09:43","Nuclear","Nuclear",2116,"No"
"D","05/29/2022","20:09:43","Other","Other",7,"No"
"D","05/29/2022","20:09:43","Landfill Gas","Renewables",35,"No"
"D","05/29/2022","20:09:43","Refuse","Renewables",375,"No"
"D","05/29/2022","20:09:43","Solar","Renewables",1,"No"
"D","05/29/2022","20:09:43","Wind","Renewables",377,"No"
"D","05/29/2022","20:09:43","Wood","Renewables",178,"No"
"D","05/29/2022","20:24:21","Hydro","Hydro",1017,"No"
"D","05/29/2022","20:24:21","Natural Gas","Natural Gas",7242,"Yes"
"D","05/29/2022","20:24:21","Nuclear","Nuclear",2116,"No"
"D","05/29/2022","20:24:21","Other","Other",4,"No"
"D","05/29/2022","20:24:21","Landfill Gas","Renewables",35,"No"
"D","05/29/2022","20:24:21","Refuse","Renewables",372,"No"
"D","05/29/2022","20:24:21","Wind","Renewables",392,"No"
"D","05/29/2022","20:24:21","Wood","Renewables",178,"No"
"D","05/29/2022","20:29:52","Hydro","Hydro",1017,"No"
"D","05/29/2022","20:29:52","Natural Gas","Natural Gas",7242,"Yes"
"D","05/29/2022","20:29:52","Nuclear","Nuclear",2116,"No"
"D","05/29/2022","20:29:52","Other","Other",4,"No"
"D","05/29/2022","20:29:52","Landfill Gas","Renewables",35,"No"
"D","05/29/2022","20:29:52","Refuse","Renewables",372,"No"
"D","05/29/2022","20:29:52","Wind","Renewables",392,"No"
"D","05/29/2022","20:29:52","Wood","Renewables",178,"No"
"D","05/29/2022","20:37:06","Hydro","Hydro",1024,"No"
"D","05/29/2022","20:37:06","Natural Gas","Natural Gas",7302,"Yes"
"D","05/29/2022","20:37:06","Nuclear","Nuclear",2115,"No"
"D","05/29/2022","20:37:06","Other","Other",4,"No"
"D","05/29/2022","20:37:06","Landfill Gas","Renewables",36,"No"
"D","05/29/2022","20:37:06","Refuse","Renewables",366,"No"
"D","05/29/2022","20:37:06","Wind","Renewables",388,"No"
"D","05/29/2022","20:37:06","Wood","Renewables",179,"No"
"D","05/29/2022","20:43:56","Hydro","Hydro",1027,"No"
"D","05/29/2022","20:43:56","Natural Gas","Natural Gas",7255,"Yes"
"D","05/29/2022","20:43:56","Nuclear","Nuclear",2117,"No"
"D","05/29/2022","20:43:56","Other","Other",6,"No"
"D","05/29/2022","20:43:56","Landfill Gas","Renewables",35,"No"
"D","05/29/2022","20:43:56","Refuse","Renewables",370,"No"
"D","05/29/2022","20:43:56","Wind","Renewables",377,"No"
"D","05/29/2022","20:43:56","Wood","Renewables",178,"No"
"D","05/29/2022","20:55:04","Hydro","Hydro",1030,"No"
"D","05/29/2022","20:55:04","Natural Gas","Natural Gas",7293,"Yes"
"D","05/29/2022","20:55:04","Nuclear","Nuclear",2116,"No"
"D","05/29/2022","20:55:04","Other","Other",6,"No"
"D","05/29/2022","20:55:04","Landfill Gas","Renewables",36,"No"
"D","05/29/2022","20:55:04","Refuse","Renewables",367,"No"
"D","05/29/2022","20:55:04","Wind","Renewables",369,"No"
"D","05/29/2022","20:55:04","Wood","Renewables",178,"No"
"D","05/29/2022","21:07:12","Hydro","Hydro",562,"No"
"D","05/29/2022","21:07:12","Natural Gas","Natural Gas",7712,"Yes"
"D","05/29/2022","21:07:12","Nuclear","Nuclear",2117,"No"
"D","05/29/2022","21:07:12","Other","Other",0,"No"
"D","05/29/2022","21:07:12","Landfill Gas","Renewables",35,"No"
"D","05/29/2022","21:07:12","Refuse","Renewables",372,"No"
"D","05/29/2022","21:07:12","Wind","Renewables",346,"No"
"D","05/29/2022","21:07:12","Wood","Renewables",178,"No"
"D","05/29/2022","21:21:54","Coal","Coal",1,"No"
"D","05/29/2022","21:21:54","Hydro","Hydro",558,"No"
"D","05/29/2022","21:21:54","Natural Gas","Natural Gas",7489,"Yes"
"D","05/29/2022","21:21:54","Nuclear","Nuclear",2114,"No"
"D","05/29/2022","21:21:54","Other","Other",3,"No"
"D","05/29/2022","21:21:54","Landfill Gas","Renewables",35,"No"
"D","05/29/2022","21:21:54","Refuse","Renewables",365,"No"
"D","05/29/2022","21:21:54","Wind","Renewables",351,"No"
"D","05/29/2022","21:21:54","Wood","Renewables",177,"No"
"D","05/29/2022","21:27:48","Coal","Coal",1,"No"
"D","05/29/2022","21:27:48","Hydro","Hydro",558,"No"
"D","05/29/2022","21:27:48","Natural Gas","Natural Gas",7489,"Yes"
"D","05/29/2022","21:27:48","Nuclear","Nuclear",2114,"No"
"D","05/29/2022","21:27:48","Other","Other",3,"No"
"D","05/29/2022","21:27:48","Landfill Gas","Renewables",35,"No"
"D","05/29/2022","21:27:48","Refuse","Renewables",365,"No"
"D","05/29/2022","21:27:48","Wind","Renewables",351,"No"
"D","05/29/2022","21:27:48","Wood","Renewables",177,"No"
"D","05/29/2022","21:36:29","Hydro","Hydro",560,"No"
"D","05/29/2022","21:36:29","Natural Gas","Natural Gas",7415,"Yes"
"D","05/29/2022","21:36:29","Nuclear","Nuclear",2117,"No"
"D","05/29/2022","21:36:29","Other","Other",4,"No"
"D","05/29/2022","21:36:29","Landfill Gas","Renewables",35,"No"
"D","05/29/2022","21:36:29","Refuse","Renewables",364,"No"
"D","05/29/2022","21:36:29","Wind","Renewables",361,"No"
"D","05/29/2022","21:36:29","Wood","Renewables",178,"No"
"D","05/29/2022","21:44:38","Hydro","Hydro",560,"No"
"D","05/29/2022","21:44:38","Natural Gas","Natural Gas",7415,"Yes"
"D","05/29/2022","21:44:38","Nuclear","Nuclear",2117,"No"
"D","05/29/2022","21:44:38","Other","Other",4,"No"
"D","05/29/2022","21:44:38","Landfill Gas","Renewables",35,"No"
"D","05/29/2022","21:44:38","Refuse","Renewables",364,"No"
"D","05/29/2022","21:44:38","Wind","Renewables",361,"No"
"D","05/29/2022","21:44:38","Wood","Renewables",178,"No"
"D","05/29/2022","21:49:22","Hydro","Hydro",552,"No"
"D","05/29/2022","21:49:22","Natural Gas","Natural Gas",7342,"Yes"
"D","05/29/2022","21:49:22","Nuclear","Nuclear",2116,"No"
"D","05/29/2022","21:49:22","Other","Other",2,"No"
"D","05/29/2022","21:49:22","Landfill Gas","Renewables",34,"No"
"D","05/29/2022","21:49:22","Refuse","Renewables",365,"No"
"D","05/29/2022","21:49:22","Wind","Renewables",370,"No"
"D","05/29/2022","21:49:22","Wood","Renewables",175,"No"
"D","05/29/2022","21:53:31","Hydro","Hydro",551,"No"
"D","05/29/2022","21:53:31","Natural Gas","Natural Gas",7359,"Yes"
"D","05/29/2022","21:53:31","Nuclear","Nuclear",2117,"No"
"D","05/29/2022","21:53:31","Other","Other",3,"No"
"D","05/29/2022","21:53:31","Landfill Gas","Renewables",34,"No"
"D","05/29/2022","21:53:31","Refuse","Renewables",366,"No"
"D","05/29/2022","21:53:31","Wind","Renewables",366,"No"
"D","05/29/2022","21:53:31","Wood","Renewables",174,"No"
"D","05/29/2022","21:56:58","Hydro","Hydro",550,"No"
"D","05/29/2022","21:56:58","Natural Gas","Natural Gas",7021,"Yes"
"D","05/29/2022","21:56:58","Nuclear","Nuclear",2114,"No"
"D","05/29/2022","21:56:58","Other","Other",53,"No"
"D","05/29/2022","21:56:58","Landfill Gas","Renewables",34,"No"
"D","05/29/2022","21:56:58","Refuse","Renewables",367,"No"
"D","05/29/2022","21:56:58","Wind","Renewables",367,"No"
"D","05/29/2022","21:56:58","Wood","Renewables",171,"No"
"D","05/29/2022","22:00:15","Hydro","Hydro",559,"No"
"D","05/29/2022","22:00:15","Natural Gas","Natural Gas",7022,"Yes"
"D","05/29/2022","22:00:15","Nuclear","Nuclear",2116,"No"
"D","05/29/2022","22:00:15","Other","Other",17,"No"
"D","05/29/2022","22:00:15","Landfill Gas","Renewables",34,"No"
"D","05/29/2022","22:00:15","Refuse","Renewables",362,"No"
"D","05/29/2022","22:00:15","Wind","Renewables",381,"No"
"D","05/29/2022","22:00:15","Wood","Renewables",172,"No"
"D","05/29/2022","22:06:14","Hydro","Hydro",557,"No"
"D","05/29/2022","22:06:14","Natural Gas","Natural Gas",7174,"Yes"
"D","05/29/2022","22:06:14","Nuclear","Nuclear",2117,"No"
"D","05/29/2022","22:06:14","Other","Other",2,"No"
"D","05/29/2022","22:06:14","Landfill Gas","Renewables",34,"No"
"D","05/29/2022","22:06:14","Refuse","Renewables",362,"No"
"D","05/29/2022","22:06:14","Wind","Renewables",387,"No"
"D","05/29/2022","22:06:14","Wood","Renewables",174,"No"
"D","05/29/2022","22:22:05","Hydro","Hydro",553,"No"
"D","05/29/2022","22:22:05","Natural Gas","Natural Gas",6728,"Yes"
"D","05/29/2022","22:22:05","Nuclear","Nuclear",2114,"No"
"D","05/29/2022","22:22:05","Other","Other",5,"No"
"D","05/29/2022","22:22:05","Landfill Gas","Renewables",34,"No"
"D","05/29/2022","22:22:05","Refuse","Renewables",357,"No"
"D","05/29/2022","22:22:05","Wind","Renewables",411,"No"
"D","05/29/2022","22:22:05","Wood","Renewables",174,"No"
"D","05/29/2022","22:37:00","Hydro","Hydro",552,"No"
"D","05/29/2022","22:37:00","Natural Gas","Natural Gas",6589,"Yes"
"D","05/29/2022","22:37:00","Nuclear","Nuclear",2118,"No"
"D","05/29/2022","22:37:00","Other","Other",5,"No"
"D","05/29/2022","22:37:00","Landfill Gas","Renewables",34,"No"
"D","05/29/2022","22:37:00","Refuse","Renewables",350,"No"
"D","05/29/2022","22:37:00","Wind","Renewables",430,"No"
"D","05/29/2022","22:37:00","Wood","Renewables",174,"No"
"D","05/29/2022","22:52:48","Hydro","Hydro",551,"No"
"D","05/29/2022","22:52:48","Natural Gas","Natural Gas",6262,"Yes"
"D","05/29/2022","22:52:48","Nuclear","Nuclear",2116,"No"
"D","05/29/2022","22:52:48","Other","Other",4,"No"
"D","05/29/2022","22:52:48","Landfill Gas","Renewables",34,"No"
"D","05/29/2022","22:52:48","Refuse","Renewables",364,"No"
"D","05/29/2022","22:52:48","Wind","Renewables",430,"No"
"D","05/29/2022","22:52:48","Wood","Renewables",173,"No"
"D","05/29/2022","22:54:48","Hydro","Hydro",551,"No"
"D","05/29/2022","22:54:48","Natural Gas","Natural Gas",6262,"Yes"
"D","05/29/2022","22:54:48","Nuclear","Nuclear",2116,"No"
"D","05/29/2022","22:54:48","Other","Other",4,"No"
"D","05/29/2022","22:54:48","Landfill Gas","Renewables",34,"No"
"D","05/29/2022","22:54:48","Refuse","Renewables",364,"No"
"D","05/29/2022","22:54:48","Wind","Renewables",430,"No"
"D","05/29/2022","22:54:48","Wood","Renewables",173,"No"
"D","05/29/2022","23:08:23","Hydro","Hydro",570,"No"
"D","05/29/2022","23:08:23","Natural Gas","Natural Gas",6087,"Yes"
"D","05/29/2022","23:08:23","Nuclear","Nuclear",2114,"No"
"D","05/29/2022","23:08:23","Landfill Gas","Renewables",34,"No"
"D","05/29/2022","23:08:23","Refuse","Renewables",369,"No"
"D","05/29/2022","23:08:23","Wind","Renewables",391,"No"
"D","05/29/2022","23:08:23","Wood","Renewables",175,"No"
"D","05/29/2022","23:22:19","Hydro","Hydro",570,"No"
"D","05/29/2022","23:22:19","Natural Gas","Natural Gas",5912,"Yes"
"D","05/29/2022","23:22:19","Nuclear","Nuclear",2114,"No"
"D","05/29/2022","23:22:19","Landfill Gas","Renewables",34,"No"
"D","05/29/2022","23:22:19","Refuse","Renewables",369,"No"
"D","05/29/2022","23:22:19","Wind","Renewables",396,"No"
"D","05/29/2022","23:22:19","Wood","Renewables",177,"No"
"D","05/29/2022","23:32:57","Hydro","Hydro",570,"No"
"D","05/29/2022","23:32:57","Natural Gas","Natural Gas",5700,"Yes"
"D","05/29/2022","23:32:57","Nuclear","Nuclear",2118,"No"
"D","05/29/2022","23:32:57","Landfill Gas","Renewables",34,"No"
"D","05/29/2022","23:32:57","Refuse","Renewables",363,"No"
"D","05/29/2022","23:32:57","Wind","Renewables",409,"No"
"D","05/29/2022","23:32:57","Wood","Renewables",171,"No"
"D","05/29/2022","23:35:20","Hydro","Hydro",569,"No"
"D","05/29/2022","23:35:20","Natural Gas","Natural Gas",5640,"Yes"
"D","05/29/2022","23:35:20","Nuclear","Nuclear",2114,"No"
"D","05/29/2022","23:35:20","Landfill Gas","Renewables",34,"No"
"D","05/29/2022","23:35:20","Refuse","Renewables",361,"No"
"D","05/29/2022","23:35:20","Wind","Renewables",400,"No"
"D","05/29/2022","23:35:20","Wood","Renewables",171,"No"
"D","05/29/2022","23:51:50","Hydro","Hydro",571,"No"
"D","05/29/2022","23:51:50","Natural Gas","Natural Gas",5377,"Yes"
"D","05/29/2022","23:51:50","Nuclear","Nuclear",2116,"No"
"D","05/29/2022","23:51:50","Other","Other",6,"No"
"D","05/29/2022","23:51:50","Landfill Gas","Renewables",34,"No"
"D","05/29/2022","23:51:50","Refuse","Renewables",360,"No"
"D","05/29/2022","23:51:50","Wind","Renewables",368,"No"
"D","05/29/2022","23:51:50","Wood","Renewables",173,"No"
"T","1454 lines"